{
  "data_set": "6.10.2",
  "status": "OPTIMAL",
  "Optimal": 15751.874144066343,
  "num_constraint": 2886,
  "Number of variables": 2671,
  "solve_time": 0.8177821636199951,
  "obj_value": 15751.874144066343,
  "return value": 15850.0,
  "truck_fee": 88.46756934503485,
  "drone_fee": 9.658286588621442,
  "Lw": 40,
  "Ld": 30,
  "truck_velocity": 0.666666667,
  "drone_velocity": 1.0,
  "truck_capacity": 1500,
  "drone_capacity": 40,
  "num_truck": 1,
  "num_drone": 1,
  "minWeightPerVisit": 0,
  "truck": {
    "x[1,4,0]": 1.0,
    "x[2,6,0]": 1.0,
    "x[3,5,0]": 1.0,
    "x[4,3,0]": 1.0,
    "x[5,2,0]": 1.0,
    "x[6,7,0]": 1.0,
    "x[0,1,0]": 1.0
  },
  "drone": {
    "y[2,7,0,0]": 1.0,
    "y[0,2,0,0]": 1.0,
    "y[2,7,0,1]": 1.0,
    "y[0,2,0,1]": 1.0,
    "y[2,7,0,2]": 1.0,
    "y[0,2,0,2]": 1.0,
    "y[2,7,0,3]": 1.0,
    "y[0,2,0,3]": 1.0,
    "y[2,7,0,4]": 1.0,
    "y[0,2,0,4]": 1.0,
    "y[2,7,0,5]": 1.0,
    "y[0,2,0,5]": 1.0,
    "y[2,7,0,6]": 1.0,
    "y[0,2,0,6]": 1.0,
    "y[2,7,0,7]": 1.0,
    "y[0,2,0,7]": 1.0
  },
  "cusWeight": {
    "m[1]": 75.0,
    "m[2]": 525.0,
    "m[3]": 225.0,
    "m[4]": 275.0,
    "m[5]": 525.0,
    "m[6]": 195.0
  },
  "cusWeightByDrone": {
    "m[2,0,0]": 40.0,
    "m[2,0,1]": 40.0,
    "m[2,0,2]": 40.0,
    "m[2,0,3]": 40.0,
    "m[2,0,4]": 40.0,
    "m[2,0,5]": 40.0,
    "m[2,0,6]": 40.0,
    "m[2,0,7]": 40.0
  },
  "cusWeightByTruck": {
    "m[1,0]": 75.0,
    "m[2,0]": 205.0,
    "m[3,0]": 225.0,
    "m[4,0]": 275.0,
    "m[5,0]": 525.0,
    "m[6,0]": 195.0
  },
  "tripDroneTime": {
    "T[0,0]": 4.829143294310721,
    "T[0,1]": 4.829143294310721,
    "T[0,2]": 4.829143294310721,
    "T[0,3]": 4.829143294310721,
    "T[0,4]": 4.829143294310721,
    "T[0,5]": 4.829143294310721,
    "T[0,6]": 4.829143294310721,
    "T[0,7]": 4.829143294310721
  },
  "level": {
    "l[7,0]": 7.0,
    "l[1,0]": 1.0,
    "l[2,0]": 5.0,
    "l[3,0]": 3.0,
    "l[4,0]": 2.0,
    "l[5,0]": 4.0,
    "l[6,0]": 6.0,
    "l[7,0,0]": 2.0,
    "l[2,0,0]": 1.0,
    "l[7,0,1]": 2.0,
    "l[2,0,1]": 1.0,
    "l[7,0,2]": 2.0,
    "l[2,0,2]": 1.0,
    "l[7,0,3]": 2.0,
    "l[2,0,3]": 1.0,
    "l[7,0,4]": 2.0,
    "l[2,0,4]": 1.0,
    "l[7,0,5]": 2.0,
    "l[2,0,5]": 1.0,
    "l[7,0,6]": 2.0,
    "l[2,0,6]": 1.0,
    "l[7,0,7]": 2.0,
    "l[2,0,7]": 1.0
  }
}