{
  "data_set": "6.20.3",
  "status": "OPTIMAL",
  "Optimal": 26750.05495246987,
  "num_constraint": 3376,
  "Number of variables": 3126,
  "solve_time": 1.0861151218414307,
  "obj_value": 26750.05495246987,
  "return value": 26975.0,
  "truck_fee": 202.82786165036816,
  "drone_fee": 22.117185879762726,
  "Lw": 90,
  "Ld": 30,
  "truck_velocity": 0.666666667,
  "drone_velocity": 1.0,
  "truck_capacity": 1500,
  "drone_capacity": 40,
  "num_truck": 1,
  "num_drone": 1,
  "minWeightPerVisit": 0,
  "truck": {
    "x[2,4,0]": 1.0,
    "x[3,6,0]": 1.0,
    "x[4,3,0]": 1.0,
    "x[5,7,0]": 1.0,
    "x[6,5,0]": 1.0,
    "x[0,2,0]": 1.0
  },
  "drone": {
    "y[1,7,0,0]": 1.0,
    "y[0,1,0,0]": 1.0,
    "y[1,7,0,1]": 1.0,
    "y[0,1,0,1]": 1.0,
    "y[1,7,0,2]": 1.0,
    "y[0,1,0,2]": 1.0,
    "y[1,7,0,3]": 1.0,
    "y[0,1,0,3]": 1.0,
    "y[4,7,0,4]": 1.0,
    "y[0,4,0,4]": 1.0,
    "y[4,7,0,5]": 1.0,
    "y[0,4,0,5]": 1.0,
    "y[4,7,0,6]": 1.0,
    "y[0,4,0,6]": 1.0,
    "y[1,7,0,7]": 1.0,
    "y[0,1,0,7]": 1.0
  },
  "cusWeight": {
    "m[1]": 175.0,
    "m[2]": 175.0,
    "m[3]": 120.0,
    "m[4]": 850.0,
    "m[5]": 175.0,
    "m[6]": 300.0
  },
  "cusWeightByDrone": {
    "m[1,0,0]": 15.0,
    "m[1,0,1]": 40.0,
    "m[1,0,2]": 40.0,
    "m[1,0,3]": 40.0,
    "m[1,0,7]": 40.0,
    "m[4,0,4]": 40.0,
    "m[4,0,5]": 40.0,
    "m[4,0,6]": 40.0
  },
  "cusWeightByTruck": {
    "m[2,0]": 175.0,
    "m[3,0]": 120.0,
    "m[4,0]": 730.0,
    "m[5,0]": 175.0,
    "m[6,0]": 300.0
  },
  "tripDroneTime": {
    "T[0,0]": 9.661078721969155,
    "T[0,1]": 9.661078721969153,
    "T[0,2]": 9.661078721969153,
    "T[0,3]": 9.661078721969153,
    "T[0,4]": 13.387783303068385,
    "T[0,5]": 13.387783303068385,
    "T[0,6]": 13.387783303068385,
    "T[0,7]": 9.661078721969153
  },
  "level": {
    "l[7,0]": 6.0,
    "l[2,0]": 1.0,
    "l[3,0]": 3.0,
    "l[4,0]": 2.0,
    "l[5,0]": 5.0,
    "l[6,0]": 4.0,
    "l[7,0,0]": 2.0,
    "l[1,0,0]": 1.0,
    "l[7,0,1]": 2.0,
    "l[1,0,1]": 1.0,
    "l[7,0,2]": 2.0,
    "l[1,0,2]": 1.0,
    "l[7,0,3]": 2.0,
    "l[1,0,3]": 1.0,
    "l[7,0,4]": 2.0,
    "l[4,0,4]": 1.0,
    "l[7,0,5]": 2.0,
    "l[4,0,5]": 1.0,
    "l[7,0,6]": 2.0,
    "l[4,0,6]": 1.0,
    "l[7,0,7]": 2.0,
    "l[1,0,7]": 1.0
  }
}