{
  "data_set": "6.20.1",
  "status": "OPTIMAL",
  "Optimal": 8571.400000000001,
  "num_constraint": 2816,
  "Number of variables": 2606,
  "solve_time": 765.0052635669708,
  "truck_cost": 230,
  "drone_cost": 25,
  "obj_value": 8571.400000000001,
  "return value": 24625.0,
  "truck_fee": 14264.599999999999,
  "drone_fee": 1789.0,
  "Lw": 90,
  "Ld": 30,
  "truck_velocity": 0.5,
  "drone_velocity": 1.0,
  "truck_capacity": 1500,
  "drone_capacity": 40,
  "num_truck": 1,
  "num_drone": 1,
  "minWeightPerVisit": 0,
  "truck": {
    "x[1,2,0]": 1.0,
    "x[2,7,0]": 1.0,
    "x[3,1,0]": 1.0,
    "x[0,3,0]": 1.0
  },
  "drone": {
    "y[4,7,0,0]": 1.0,
    "y[0,4,0,0]": 1.0,
    "y[6,7,0,1]": 1.0,
    "y[0,6,0,1]": 1.0,
    "y[6,7,0,2]": 1.0,
    "y[0,6,0,2]": 1.0,
    "y[5,7,0,3]": 1.0,
    "y[6,5,0,3]": 1.0,
    "y[0,6,0,3]": 1.0,
    "y[4,7,0,4]": 1.0,
    "y[0,4,0,4]": 1.0,
    "y[6,7,0,5]": 1.0,
    "y[0,6,0,5]": 1.0,
    "y[5,7,0,6]": 1.0,
    "y[0,5,0,6]": 1.0
  },
  "cusWeight": {
    "m[1]": 75.0,
    "m[2]": 650.0,
    "m[3]": 650.0,
    "m[4]": 75.0,
    "m[5]": 75.0,
    "m[6]": 125.0
  },
  "cusWeightByDrone": {
    "m[4,0,0]": 35.0,
    "m[4,0,4]": 40.0,
    "m[5,0,3]": 35.0,
    "m[5,0,6]": 40.0,
    "m[6,0,1]": 40.0,
    "m[6,0,2]": 40.0,
    "m[6,0,3]": 5.0,
    "m[6,0,5]": 40.0
  },
  "cusWeightByTruck": {
    "m[1,0]": 75.0,
    "m[2,0]": 650.0,
    "m[3,0]": 650.0
  },
  "tripDroneTime": {
    "T[0,0]": 5.22,
    "T[0,1]": 9.14,
    "T[0,2]": 9.14,
    "T[0,3]": 17.4,
    "T[0,4]": 5.22,
    "T[0,5]": 9.14,
    "T[0,6]": 16.3
  },
  "level": {
    "l[7,0]": 4.0,
    "l[1,0]": 2.0,
    "l[2,0]": 3.0,
    "l[3,0]": 1.0,
    "l[7,0,0]": 2.0,
    "l[4,0,0]": 1.0,
    "l[7,0,1]": 2.0,
    "l[6,0,1]": 1.0,
    "l[7,0,2]": 2.0,
    "l[6,0,2]": 1.0,
    "l[7,0,3]": 3.0,
    "l[5,0,3]": 2.0,
    "l[6,0,3]": 1.0,
    "l[7,0,4]": 2.0,
    "l[4,0,4]": 1.0,
    "l[7,0,5]": 2.0,
    "l[6,0,5]": 1.0,
    "l[7,0,6]": 2.0,
    "l[5,0,6]": 1.0
  }
}