{
  "data_set": "6.5.4",
  "status": "OPTIMAL",
  "Optimal": 25213.587484702934,
  "num_constraint": 2326,
  "Number of variables": 2151,
  "solve_time": 0.3238334655761719,
  "obj_value": 25213.587484702937,
  "return value": 25275.0,
  "truck_fee": 54.132503554829,
  "drone_fee": 7.280011742235354,
  "Lw": 30,
  "Ld": 30,
  "truck_velocity": 0.666666667,
  "drone_velocity": 1.0,
  "truck_capacity": 1500,
  "drone_capacity": 40,
  "num_truck": 1,
  "num_drone": 1,
  "minWeightPerVisit": 0,
  "truck": {
    "x[1,2,0]": 1.0,
    "x[2,3,0]": 1.0,
    "x[3,7,0]": 1.0,
    "x[6,1,0]": 1.0,
    "x[0,6,0]": 1.0
  },
  "drone": {
    "y[6,7,0,0]": 1.0,
    "y[0,6,0,0]": 1.0,
    "y[6,7,0,1]": 1.0,
    "y[0,6,0,1]": 1.0,
    "y[6,7,0,2]": 1.0,
    "y[0,6,0,2]": 1.0,
    "y[6,7,0,3]": 1.0,
    "y[0,6,0,3]": 1.0,
    "y[5,6,0,4]": 1.0,
    "y[6,7,0,4]": 1.0,
    "y[0,5,0,4]": 1.0,
    "y[5,7,0,5]": 1.0,
    "y[0,5,0,5]": 1.0,
    "y[6,7,0,6]": 1.0,
    "y[0,6,0,6]": 1.0
  },
  "cusWeight": {
    "m[1]": 50.0,
    "m[2]": 355.0,
    "m[3]": 950.0,
    "m[5]": 50.0,
    "m[6]": 375.0
  },
  "cusWeightByDrone": {
    "m[5,0,4]": 10.0,
    "m[5,0,5]": 40.0,
    "m[6,0,0]": 40.0,
    "m[6,0,1]": 40.0,
    "m[6,0,2]": 40.0,
    "m[6,0,3]": 40.0,
    "m[6,0,4]": 29.999999999999986,
    "m[6,0,6]": 40.0
  },
  "cusWeightByTruck": {
    "m[1,0]": 50.0,
    "m[2,0]": 355.0,
    "m[3,0]": 950.0,
    "m[6,0]": 145.0
  },
  "tripDroneTime": {
    "T[0,0]": 4.022728221591632,
    "T[0,1]": 4.022728221591632,
    "T[0,2]": 4.022728221591632,
    "T[0,3]": 4.022728221591632,
    "T[0,4]": 5.9483306588162055,
    "T[0,5]": 3.0580752021670428,
    "T[0,6]": 4.022728221591632
  },
  "level": {
    "l[7,0]": 5.0,
    "l[1,0]": 2.0,
    "l[2,0]": 3.0,
    "l[3,0]": 4.0,
    "l[6,0]": 1.0,
    "l[7,0,0]": 2.0,
    "l[6,0,0]": 1.0,
    "l[7,0,1]": 2.0,
    "l[6,0,1]": 1.0,
    "l[7,0,2]": 2.0,
    "l[6,0,2]": 1.0,
    "l[7,0,3]": 2.0,
    "l[6,0,3]": 1.0,
    "l[7,0,4]": 3.0,
    "l[5,0,4]": 1.0,
    "l[6,0,4]": 2.0,
    "l[7,0,5]": 2.0,
    "l[5,0,5]": 1.0,
    "l[7,0,6]": 2.0,
    "l[6,0,6]": 1.0
  }
}