{
  "data_set": "6.5.2",
  "status": "OPTIMAL",
  "Optimal": 11447.800000000001,
  "num_constraint": 1066,
  "Number of variables": 981,
  "solve_time": 12775.2235891819,
  "truck_cost": 230,
  "drone_cost": 25,
  "obj_value": 11447.8,
  "return value": 17100.0,
  "truck_fee": 4908.2,
  "drone_fee": 744.0,
  "Lw": 30,
  "Ld": 30,
  "truck_velocity": 0.5,
  "drone_velocity": 1.0,
  "truck_capacity": 1500,
  "drone_capacity": 40,
  "num_truck": 1,
  "num_drone": 1,
  "minWeightPerVisit": 0,
  "truck": {
    "x[1,7,0]": 1.0,
    "x[2,3,0]": 1.0,
    "x[3,1,0]": 1.0,
    "x[4,2,0]": 1.0,
    "x[0,4,0]": 1.0
  },
  "drone": {
    "y[6,7,0,0]": 1.0,
    "y[0,6,0,0]": 1.0,
    "y[6,7,0,1]": 1.0,
    "y[0,6,0,1]": 1.0,
    "y[5,7,0,2]": 1.0,
    "y[0,5,0,2]": 1.0,
    "y[1,7,0,3]": 1.0,
    "y[0,1,0,3]": 1.0,
    "y[6,7,0,4]": 1.0,
    "y[0,6,0,4]": 1.0,
    "y[1,7,0,5]": 1.0,
    "y[0,1,0,5]": 1.0,
    "y[1,7,0,6]": 1.0,
    "y[0,1,0,6]": 1.0
  },
  "cusWeight": {
    "m[1]": 625.0,
    "m[2]": 625.0,
    "m[3]": 45.0,
    "m[4]": 325.0,
    "m[5]": 40.0,
    "m[6]": 120.0
  },
  "cusWeightByDrone": {
    "m[1,0,3]": 40.0,
    "m[1,0,5]": 40.0,
    "m[1,0,6]": 40.0,
    "m[5,0,2]": 40.0,
    "m[6,0,0]": 40.0,
    "m[6,0,1]": 40.0,
    "m[6,0,4]": 40.0
  },
  "cusWeightByTruck": {
    "m[1,0]": 505.0,
    "m[2,0]": 625.0,
    "m[3,0]": 45.0,
    "m[4,0]": 325.0
  },
  "tripDroneTime": {
    "T[0,0]": 3.62,
    "T[0,1]": 3.62,
    "T[0,2]": 4.98,
    "T[0,3]": 4.64,
    "T[0,4]": 3.62,
    "T[0,5]": 4.64,
    "T[0,6]": 4.64
  },
  "level": {
    "l[7,0]": 5.0,
    "l[1,0]": 4.0,
    "l[2,0]": 2.0,
    "l[3,0]": 3.0,
    "l[4,0]": 1.0,
    "l[5,0]": 2.0,
    "l[7,0,0]": 2.0,
    "l[1,0,0]": 2.0,
    "l[6,0,0]": 1.0,
    "l[7,0,1]": 2.0,
    "l[1,0,1]": 1.0,
    "l[6,0,1]": 1.0,
    "l[7,0,2]": 2.0,
    "l[5,0,2]": 1.0,
    "l[6,0,2]": 1.0,
    "l[7,0,3]": 2.0,
    "l[1,0,3]": 1.0,
    "l[6,0,3]": 1.0,
    "l[7,0,4]": 2.0,
    "l[3,0,4]": 1.0,
    "l[6,0,4]": 1.0,
    "l[7,0,5]": 2.0,
    "l[1,0,5]": 1.0,
    "l[6,0,5]": 1.0,
    "l[7,0,6]": 2.0,
    "l[1,0,6]": 1.0
  }
}