{
  "data_set": "6.20.4",
  "status": "OPTIMAL",
  "Optimal": -3065.1000000000004,
  "num_constraint": 3236,
  "Number of variables": 2996,
  "solve_time": 696.7450132369995,
  "truck_cost": 230,
  "drone_cost": 25,
  "obj_value": -3065.100000000002,
  "return value": 15200.0,
  "truck_fee": 17415.600000000002,
  "drone_fee": 849.5,
  "Lw": 90,
  "Ld": 30,
  "truck_velocity": 0.5,
  "drone_velocity": 1.0,
  "truck_capacity": 1500,
  "drone_capacity": 40,
  "num_truck": 1,
  "num_drone": 1,
  "minWeightPerVisit": 0,
  "truck": {
    "x[2,6,0]": 1.0,
    "x[5,7,0]": 1.0,
    "x[6,5,0]": 1.0,
    "x[0,2,0]": 1.0
  },
  "drone": {
    "y[6,7,0,0]": 1.0,
    "y[0,6,0,0]": 1.0,
    "y[1,7,0,1]": 1.0,
    "y[0,1,0,1]": 1.0,
    "y[1,7,0,2]": 1.0,
    "y[0,1,0,2]": 1.0
  },
  "cusWeight": {
    "m[1]": 75.0,
    "m[2]": 750.0,
    "m[5]": 190.0,
    "m[6]": 600.0
  },
  "cusWeightByDrone": {
    "m[1,0,1]": 40.0,
    "m[1,0,2]": 35.0,
    "m[6,0,0]": 40.0
  },
  "cusWeightByTruck": {
    "m[2,0]": 750.0,
    "m[5,0]": 190.0,
    "m[6,0]": 560.0
  },
  "tripDroneTime": {
    "T[0,0]": 8.22,
    "T[0,1]": 12.880000000000003,
    "T[0,2]": 12.880000000000003
  },
  "level": {
    "l[7,0]": 4.0,
    "l[2,0]": 1.0,
    "l[5,0]": 3.0,
    "l[6,0]": 2.0,
    "l[7,0,0]": 2.0,
    "l[6,0,0]": 1.0,
    "l[7,0,1]": 2.0,
    "l[1,0,1]": 1.0,
    "l[7,0,2]": 2.0,
    "l[1,0,2]": 1.0
  }
}