{
  "data_set": "6.5.1",
  "status": "OPTIMAL",
  "Optimal": 25847.199999999997,
  "num_constraint": 3166,
  "Number of variables": 2931,
  "solve_time": 102.44762897491455,
  "truck_cost": 230,
  "drone_cost": 25,
  "obj_value": 25847.2,
  "return value": 29825.0,
  "truck_fee": 3233.8,
  "drone_fee": 744.0,
  "Lw": 30,
  "Ld": 30,
  "truck_velocity": 0.5,
  "drone_velocity": 1.0,
  "truck_capacity": 1500,
  "drone_capacity": 40,
  "num_truck": 1,
  "num_drone": 1,
  "minWeightPerVisit": 0,
  "truck": {
    "x[1,6,0]": 1.0,
    "x[5,1,0]": 1.0,
    "x[6,7,0]": 1.0,
    "x[0,5,0]": 1.0
  },
  "drone": {
    "y[1,7,0,0]": 1.0,
    "y[0,1,0,0]": 1.0,
    "y[1,7,0,1]": 1.0,
    "y[0,1,0,1]": 1.0,
    "y[1,7,0,2]": 1.0,
    "y[0,1,0,2]": 1.0,
    "y[4,7,0,3]": 1.0,
    "y[0,4,0,3]": 1.0,
    "y[3,6,0,4]": 1.0,
    "y[6,7,0,4]": 1.0,
    "y[0,3,0,4]": 1.0,
    "y[2,7,0,5]": 1.0,
    "y[0,2,0,5]": 1.0,
    "y[1,7,0,6]": 1.0,
    "y[0,1,0,6]": 1.0,
    "y[1,7,0,7]": 1.0,
    "y[0,1,0,7]": 1.0,
    "y[4,7,0,8]": 1.0,
    "y[0,4,0,8]": 1.0
  },
  "cusWeight": {
    "m[1]": 590.0,
    "m[2]": 40.0,
    "m[3]": 25.0,
    "m[4]": 50.0,
    "m[5]": 750.0,
    "m[6]": 375.0
  },
  "cusWeightByDrone": {
    "m[1,0,0]": 40.0,
    "m[1,0,1]": 40.0,
    "m[1,0,2]": 40.0,
    "m[1,0,6]": 40.0,
    "m[1,0,7]": 40.0,
    "m[2,0,5]": 40.0,
    "m[3,0,4]": 25.0,
    "m[4,0,3]": 40.0,
    "m[4,0,8]": 10.0,
    "m[6,0,4]": 15.0
  },
  "cusWeightByTruck": {
    "m[1,0]": 390.0,
    "m[5,0]": 750.0,
    "m[6,0]": 360.0
  },
  "tripDroneTime": {
    "T[0,0]": 2.48,
    "T[0,1]": 2.48,
    "T[0,2]": 2.48,
    "T[0,3]": 2.08,
    "T[0,4]": 6.38,
    "T[0,5]": 6.82,
    "T[0,6]": 2.48,
    "T[0,7]": 2.48,
    "T[0,8]": 2.08
  },
  "level": {
    "l[7,0]": 4.0,
    "l[1,0]": 2.0,
    "l[5,0]": 1.0,
    "l[6,0]": 3.0,
    "l[7,0,0]": 2.0,
    "l[1,0,0]": 1.0,
    "l[7,0,1]": 2.0,
    "l[1,0,1]": 1.0,
    "l[7,0,2]": 2.0,
    "l[1,0,2]": 1.0,
    "l[7,0,3]": 2.0,
    "l[4,0,3]": 1.0,
    "l[7,0,4]": 3.0,
    "l[3,0,4]": 1.0,
    "l[6,0,4]": 2.0,
    "l[7,0,5]": 2.0,
    "l[2,0,5]": 1.0,
    "l[7,0,6]": 2.0,
    "l[1,0,6]": 1.0,
    "l[7,0,7]": 2.0,
    "l[1,0,7]": 1.0,
    "l[7,0,8]": 2.0,
    "l[4,0,8]": 1.0
  }
}