{
  "data_set": "6.20.3",
  "status": "OPTIMAL",
  "Optimal": 4431.5999999999985,
  "num_constraint": 3376,
  "Number of variables": 3126,
  "solve_time": 27.568357229232788,
  "truck_cost": 230,
  "drone_cost": 25,
  "obj_value": 4431.600000000002,
  "return value": 24875.0,
  "truck_fee": 18464.399999999998,
  "drone_fee": 1979.0,
  "Lw": 90,
  "Ld": 30,
  "truck_velocity": 0.5,
  "drone_velocity": 1.0,
  "truck_capacity": 1500,
  "drone_capacity": 40,
  "num_truck": 1,
  "num_drone": 1,
  "minWeightPerVisit": 0,
  "truck": {
    "x[1,4,0]": 1.0,
    "x[4,7,0]": 1.0,
    "x[5,1,0]": 1.0,
    "x[6,5,0]": 1.0,
    "x[0,6,0]": 1.0
  },
  "drone": {
    "y[3,7,0,0]": 1.0,
    "y[0,3,0,0]": 1.0,
    "y[2,7,0,1]": 1.0,
    "y[0,2,0,1]": 1.0,
    "y[2,7,0,2]": 1.0,
    "y[0,2,0,2]": 1.0,
    "y[3,7,0,3]": 1.0,
    "y[0,3,0,3]": 1.0
  },
  "cusWeight": {
    "m[1]": 175.0,
    "m[2]": 80.0,
    "m[3]": 80.0,
    "m[4]": 850.0,
    "m[5]": 175.0,
    "m[6]": 299.99999999999966
  },
  "cusWeightByDrone": {
    "m[2,0,1]": 40.0,
    "m[2,0,2]": 40.0,
    "m[3,0,0]": 40.0,
    "m[3,0,3]": 40.0
  },
  "cusWeightByTruck": {
    "m[1,0]": 175.0,
    "m[4,0]": 850.0,
    "m[5,0]": 175.0,
    "m[6,0]": 299.99999999999966
  },
  "tripDroneTime": {
    "T[0,0]": 17.48,
    "T[0,1]": 22.1,
    "T[0,2]": 22.1,
    "T[0,3]": 17.48
  },
  "level": {
    "l[7,0]": 5.0,
    "l[1,0]": 3.0,
    "l[4,0]": 4.0,
    "l[5,0]": 2.0,
    "l[6,0]": 1.0,
    "l[7,0,0]": 2.0,
    "l[3,0,0]": 1.0,
    "l[7,0,1]": 2.0,
    "l[2,0,1]": 1.0,
    "l[7,0,2]": 2.0,
    "l[2,0,2]": 1.0,
    "l[7,0,3]": 2.0,
    "l[3,0,3]": 1.0
  }
}