{
  "data_set": "6.10.3",
  "status": "OPTIMAL",
  "Optimal": 22281.76555388021,
  "num_constraint": 2396,
  "Number of variables": 2216,
  "solve_time": 0.5429420471191406,
  "obj_value": 22281.76555388021,
  "return value": 22375.0,
  "truck_fee": 86.26532749088062,
  "drone_fee": 6.969118628910352,
  "Lw": 40,
  "Ld": 30,
  "truck_velocity": 0.666666667,
  "drone_velocity": 1.0,
  "truck_capacity": 1500,
  "drone_capacity": 40,
  "num_truck": 1,
  "num_drone": 1,
  "minWeightPerVisit": 0,
  "truck": {
    "x[1,3,0]": 1.0,
    "x[2,5,0]": 1.0,
    "x[3,6,0]": 1.0,
    "x[4,2,0]": 1.0,
    "x[5,1,0]": 1.0,
    "x[6,7,0]": 1.0,
    "x[0,4,0]": 1.0
  },
  "drone": {
    "y[4,7,0,0]": 1.0,
    "y[0,4,0,0]": 1.0,
    "y[2,7,0,1]": 1.0,
    "y[0,2,0,1]": 1.0,
    "y[4,7,0,2]": 1.0,
    "y[0,4,0,2]": 1.0,
    "y[2,7,0,3]": 1.0,
    "y[0,2,0,3]": 1.0,
    "y[2,7,0,4]": 1.0,
    "y[0,2,0,4]": 1.0,
    "y[4,7,0,5]": 1.0,
    "y[0,4,0,5]": 1.0,
    "y[2,7,0,6]": 1.0,
    "y[0,2,0,6]": 1.0,
    "y[4,7,0,7]": 1.0,
    "y[0,4,0,7]": 1.0
  },
  "cusWeight": {
    "m[1]": 275.0,
    "m[2]": 150.0,
    "m[3]": 675.0,
    "m[4]": 150.0,
    "m[5]": 275.0,
    "m[6]": 275.0
  },
  "cusWeightByDrone": {
    "m[2,0,1]": 40.0,
    "m[2,0,3]": 30.0,
    "m[2,0,4]": 40.0,
    "m[2,0,6]": 40.0,
    "m[4,0,0]": 40.0,
    "m[4,0,2]": 40.0,
    "m[4,0,5]": 40.0,
    "m[4,0,7]": 30.0
  },
  "cusWeightByTruck": {
    "m[1,0]": 275.0,
    "m[3,0]": 675.0,
    "m[5,0]": 275.0,
    "m[6,0]": 275.0
  },
  "tripDroneTime": {
    "T[0,0]": 1.8596387297594315,
    "T[0,1]": 5.109479899150921,
    "T[0,2]": 1.8596387297594315,
    "T[0,3]": 5.109479899150921,
    "T[0,4]": 5.109479899150921,
    "T[0,5]": 1.8596387297594315,
    "T[0,6]": 5.109479899150921,
    "T[0,7]": 1.8596387297594315
  },
  "level": {
    "l[7,0]": 7.0,
    "l[1,0]": 4.0,
    "l[2,0]": 2.0,
    "l[3,0]": 5.0,
    "l[4,0]": 1.0,
    "l[5,0]": 3.0,
    "l[6,0]": 6.0,
    "l[7,0,0]": 2.0,
    "l[4,0,0]": 1.0,
    "l[7,0,1]": 2.0,
    "l[2,0,1]": 1.0,
    "l[7,0,2]": 2.0,
    "l[4,0,2]": 1.0,
    "l[7,0,3]": 2.0,
    "l[2,0,3]": 1.0,
    "l[7,0,4]": 2.0,
    "l[2,0,4]": 1.0,
    "l[7,0,5]": 2.0,
    "l[4,0,5]": 1.0,
    "l[7,0,6]": 2.0,
    "l[2,0,6]": 1.0,
    "l[7,0,7]": 2.0,
    "l[4,0,7]": 1.0,
    "l[7,0,8]": 2.0
  }
}