{
  "data_set": "6.10.1",
  "status": "OPTIMAL",
  "Optimal": 8418.2,
  "num_constraint": 2396,
  "Number of variables": 2216,
  "solve_time": 764.9889159202576,
  "truck_cost": 230,
  "drone_cost": 25,
  "obj_value": 8418.2,
  "return value": 16700.0,
  "truck_fee": 7304.799999999999,
  "drone_fee": 976.9999999999999,
  "Lw": 40,
  "Ld": 30,
  "truck_velocity": 0.5,
  "drone_velocity": 1.0,
  "truck_capacity": 1500,
  "drone_capacity": 40,
  "num_truck": 1,
  "num_drone": 1,
  "minWeightPerVisit": 0,
  "truck": {
    "x[1,5,0]": 1.0,
    "x[2,7,0]": 1.0,
    "x[4,2,0]": 1.0,
    "x[5,4,0]": 1.0,
    "x[0,1,0]": 1.0
  },
  "drone": {
    "y[6,7,0,0]": 1.0,
    "y[0,6,0,0]": 1.0,
    "y[2,7,0,1]": 1.0,
    "y[0,2,0,1]": 1.0,
    "y[2,7,0,2]": 1.0,
    "y[0,2,0,2]": 1.0,
    "y[2,7,0,3]": 1.0,
    "y[0,2,0,3]": 1.0,
    "y[2,7,0,4]": 1.0,
    "y[0,2,0,4]": 1.0,
    "y[3,7,0,5]": 1.0,
    "y[0,3,0,5]": 1.0,
    "y[2,7,0,6]": 1.0,
    "y[0,2,0,6]": 1.0
  },
  "cusWeight": {
    "m[1]": 200.0,
    "m[2]": 400.0,
    "m[3]": 40.0,
    "m[4]": 1000.0,
    "m[5]": 100.0,
    "m[6]": 40.0
  },
  "cusWeightByDrone": {
    "m[2,0,1]": 40.0,
    "m[2,0,2]": 40.0,
    "m[2,0,3]": 40.0,
    "m[2,0,4]": 40.0,
    "m[2,0,6]": 40.0,
    "m[3,0,5]": 40.0,
    "m[6,0,0]": 40.0
  },
  "cusWeightByTruck": {
    "m[1,0]": 200.0,
    "m[2,0]": 200.0,
    "m[4,0]": 1000.0,
    "m[5,0]": 100.0
  },
  "tripDroneTime": {
    "T[0,0]": 8.46,
    "T[0,1]": 4.1,
    "T[0,2]": 4.1,
    "T[0,3]": 4.1,
    "T[0,4]": 4.1,
    "T[0,5]": 10.12,
    "T[0,6]": 4.1
  },
  "level": {
    "l[7,0]": 5.0,
    "l[1,0]": 1.0,
    "l[2,0]": 4.0,
    "l[4,0]": 3.0,
    "l[5,0]": 2.0,
    "l[7,0,0]": 2.0,
    "l[6,0,0]": 1.0,
    "l[7,0,1]": 2.0,
    "l[2,0,1]": 1.0,
    "l[7,0,2]": 2.0,
    "l[2,0,2]": 1.0,
    "l[7,0,3]": 2.0,
    "l[2,0,3]": 1.0,
    "l[7,0,4]": 2.0,
    "l[2,0,4]": 1.0,
    "l[7,0,5]": 2.0,
    "l[3,0,5]": 1.0,
    "l[7,0,6]": 2.0,
    "l[2,0,6]": 1.0
  }
}