{
  "data_set": "6.5.3",
  "status": "OPTIMAL",
  "Optimal": 14901.444958783168,
  "num_constraint": 2046,
  "Number of variables": 1891,
  "solve_time": 0.5913078784942627,
  "obj_value": 14901.444958783168,
  "return value": 14950.0,
  "truck_fee": 41.068261577019875,
  "drone_fee": 7.486779639811266,
  "Lw": 30,
  "Ld": 30,
  "truck_velocity": 0.666666667,
  "drone_velocity": 1.0,
  "truck_capacity": 1500,
  "drone_capacity": 40,
  "num_truck": 1,
  "num_drone": 1,
  "minWeightPerVisit": 0,
  "truck": {
    "x[1,4,0]": 1.0,
    "x[3,7,0]": 1.0,
    "x[4,3,0]": 1.0,
    "x[5,1,0]": 1.0,
    "x[6,5,0]": 1.0,
    "x[0,6,0]": 1.0
  },
  "drone": {
    "y[2,7,0,0]": 1.0,
    "y[0,2,0,0]": 1.0,
    "y[6,7,0,1]": 1.0,
    "y[0,6,0,1]": 1.0,
    "y[6,7,0,2]": 1.0,
    "y[0,6,0,2]": 1.0,
    "y[6,7,0,3]": 1.0,
    "y[0,6,0,3]": 1.0,
    "y[6,7,0,4]": 1.0,
    "y[0,6,0,4]": 1.0,
    "y[6,7,0,5]": 1.0,
    "y[0,6,0,5]": 1.0,
    "y[6,7,0,6]": 1.0,
    "y[0,6,0,6]": 1.0,
    "y[2,7,0,7]": 1.0,
    "y[0,2,0,7]": 1.0
  },
  "cusWeight": {
    "m[1]": 50.0,
    "m[2]": 75.0,
    "m[3]": 150.0,
    "m[4]": 675.0,
    "m[5]": 275.0,
    "m[6]": 590.0
  },
  "cusWeightByDrone": {
    "m[2,0,0]": 40.0,
    "m[2,0,7]": 35.0,
    "m[6,0,1]": 40.0,
    "m[6,0,2]": 40.0,
    "m[6,0,3]": 40.0,
    "m[6,0,4]": 40.0,
    "m[6,0,5]": 40.0,
    "m[6,0,6]": 40.0
  },
  "cusWeightByTruck": {
    "m[1,0]": 50.0,
    "m[3,0]": 150.0,
    "m[4,0]": 675.0,
    "m[5,0]": 275.0,
    "m[6,0]": 350.0
  },
  "tripDroneTime": {
    "T[0,0]": 3.1630486330099865,
    "T[0,1]": 3.9368368822041813,
    "T[0,2]": 3.9368368822041813,
    "T[0,3]": 3.9368368822041813,
    "T[0,4]": 3.9368368822041813,
    "T[0,5]": 3.9368368822041813,
    "T[0,6]": 3.9368368822041813,
    "T[0,7]": 3.1630486330099865
  },
  "level": {
    "l[7,0]": 6.0,
    "l[1,0]": 3.0,
    "l[3,0]": 5.0,
    "l[4,0]": 4.0,
    "l[5,0]": 2.0,
    "l[6,0]": 1.0,
    "l[7,0,0]": 2.0,
    "l[2,0,0]": 1.0,
    "l[7,0,1]": 2.0,
    "l[6,0,1]": 1.0,
    "l[7,0,2]": 2.0,
    "l[6,0,2]": 1.0,
    "l[7,0,3]": 2.0,
    "l[6,0,3]": 1.0,
    "l[7,0,4]": 2.0,
    "l[6,0,4]": 1.0,
    "l[7,0,5]": 2.0,
    "l[6,0,5]": 1.0,
    "l[7,0,6]": 2.0,
    "l[6,0,6]": 1.0,
    "l[7,0,7]": 2.0,
    "l[2,0,7]": 1.0
  }
}