{
  "data_set": "6.20.4",
  "status": "OPTIMAL",
  "Optimal": 16282.982606760503,
  "num_constraint": 3236,
  "Number of variables": 2996,
  "solve_time": 0.7700157165527344,
  "obj_value": 16282.982606760503,
  "return value": 16500.0,
  "truck_fee": 196.48151077250557,
  "drone_fee": 20.535882466990596,
  "Lw": 90,
  "Ld": 30,
  "truck_velocity": 0.666666667,
  "drone_velocity": 1.0,
  "truck_capacity": 1500,
  "drone_capacity": 40,
  "num_truck": 1,
  "num_drone": 1,
  "minWeightPerVisit": 0,
  "truck": {
    "x[1,5,0]": 1.0,
    "x[2,7,0]": 1.0,
    "x[3,4,0]": 1.0,
    "x[4,1,0]": 1.0,
    "x[5,6,0]": 1.0,
    "x[6,2,0]": 1.0,
    "x[0,3,0]": 1.0
  },
  "drone": {
    "y[6,7,0,0]": 1.0,
    "y[0,6,0,0]": 1.0,
    "y[6,7,0,1]": 1.0,
    "y[0,6,0,1]": 1.0,
    "y[6,7,0,2]": 1.0,
    "y[0,6,0,2]": 1.0,
    "y[6,7,0,3]": 1.0,
    "y[0,6,0,3]": 1.0,
    "y[6,7,0,4]": 1.0,
    "y[0,6,0,4]": 1.0,
    "y[6,7,0,5]": 1.0,
    "y[0,6,0,5]": 1.0,
    "y[6,7,0,6]": 1.0,
    "y[0,6,0,6]": 1.0,
    "y[6,7,0,7]": 1.0,
    "y[0,6,0,7]": 1.0,
    "y[6,7,0,8]": 1.0,
    "y[0,6,0,8]": 1.0,
    "y[6,7,0,9]": 1.0,
    "y[0,6,0,9]": 1.0
  },
  "cusWeight": {
    "m[1]": 75.0,
    "m[2]": 750.0,
    "m[3]": 75.0,
    "m[4]": 75.0,
    "m[5]": 300.0,
    "m[6]": 600.0
  },
  "cusWeightByDrone": {
    "m[6,0,0]": 40.0,
    "m[6,0,1]": 40.0,
    "m[6,0,2]": 40.0,
    "m[6,0,3]": 40.0,
    "m[6,0,4]": 40.0,
    "m[6,0,5]": 40.0,
    "m[6,0,6]": 39.99999999999999,
    "m[6,0,7]": 40.0,
    "m[6,0,8]": 40.0,
    "m[6,0,9]": 39.99999999999986
  },
  "cusWeightByTruck": {
    "m[1,0]": 75.0,
    "m[2,0]": 750.0,
    "m[3,0]": 75.0,
    "m[4,0]": 75.0,
    "m[5,0]": 300.0,
    "m[6,0]": 200.00000000000014
  },
  "tripDroneTime": {
    "T[0,0]": 8.21435298679624,
    "T[0,1]": 8.21435298679624,
    "T[0,2]": 8.214352986796241,
    "T[0,3]": 8.214352986796241,
    "T[0,4]": 8.214352986796241,
    "T[0,5]": 8.214352986796241,
    "T[0,6]": 8.214352986796241,
    "T[0,7]": 8.214352986796241,
    "T[0,8]": 8.214352986796241,
    "T[0,9]": 8.214352986796241
  },
  "level": {
    "l[7,0]": 7.0,
    "l[1,0]": 3.0,
    "l[2,0]": 6.0,
    "l[3,0]": 1.0,
    "l[4,0]": 2.0,
    "l[5,0]": 4.0,
    "l[6,0]": 5.0,
    "l[7,0,0]": 2.0,
    "l[6,0,0]": 1.0,
    "l[7,0,1]": 2.0,
    "l[6,0,1]": 1.0,
    "l[7,0,2]": 2.0,
    "l[6,0,2]": 1.0,
    "l[7,0,3]": 2.0,
    "l[6,0,3]": 1.0,
    "l[7,0,4]": 2.0,
    "l[6,0,4]": 1.0,
    "l[7,0,5]": 2.0,
    "l[6,0,5]": 1.0,
    "l[7,0,6]": 2.0,
    "l[6,0,6]": 1.0,
    "l[7,0,7]": 2.0,
    "l[6,0,7]": 1.0,
    "l[7,0,8]": 2.0,
    "l[6,0,8]": 1.0,
    "l[7,0,9]": 2.0,
    "l[6,0,9]": 1.0
  }
}