{
  "data_set": "6.10.4",
  "status": "OPTIMAL",
  "Optimal": 22618.484820914877,
  "num_constraint": 2256,
  "Number of variables": 2086,
  "solve_time": 1.0230624675750732,
  "obj_value": 22618.484820914877,
  "return value": 22700.0,
  "truck_fee": 71.90448461146643,
  "drone_fee": 9.610694473656725,
  "Lw": 40,
  "Ld": 30,
  "truck_velocity": 0.666666667,
  "drone_velocity": 1.0,
  "truck_capacity": 1500,
  "drone_capacity": 40,
  "num_truck": 1,
  "num_drone": 1,
  "minWeightPerVisit": 0,
  "truck": {
    "x[1,6,0]": 1.0,
    "x[2,1,0]": 1.0,
    "x[3,5,0]": 1.0,
    "x[4,3,0]": 1.0,
    "x[5,2,0]": 1.0,
    "x[6,7,0]": 1.0,
    "x[0,4,0]": 1.0
  },
  "drone": {
    "y[1,7,0,0]": 1.0,
    "y[0,1,0,0]": 1.0,
    "y[1,7,0,1]": 1.0,
    "y[0,1,0,1]": 1.0,
    "y[2,7,0,2]": 1.0,
    "y[0,2,0,2]": 1.0,
    "y[1,7,0,3]": 1.0,
    "y[0,1,0,3]": 1.0,
    "y[2,7,0,4]": 1.0,
    "y[0,2,0,4]": 1.0,
    "y[1,7,0,5]": 1.0,
    "y[0,1,0,5]": 1.0,
    "y[1,7,0,6]": 1.0,
    "y[0,1,0,6]": 1.0,
    "y[2,7,0,7]": 1.0,
    "y[0,2,0,7]": 1.0
  },
  "cusWeight": {
    "m[1]": 375.0,
    "m[2]": 150.0,
    "m[3]": 150.0,
    "m[4]": 694.9999999999999,
    "m[5]": 375.0,
    "m[6]": 75.0
  },
  "cusWeightByDrone": {
    "m[1,0,0]": 40.0,
    "m[1,0,1]": 40.0,
    "m[1,0,3]": 40.0,
    "m[1,0,5]": 40.0,
    "m[1,0,6]": 40.0,
    "m[2,0,2]": 40.0,
    "m[2,0,4]": 40.0,
    "m[2,0,7]": 40.0
  },
  "cusWeightByTruck": {
    "m[1,0]": 175.0,
    "m[2,0]": 30.0,
    "m[3,0]": 150.0,
    "m[4,0]": 694.9999999999999,
    "m[5,0]": 375.0,
    "m[6,0]": 75.0
  },
  "tripDroneTime": {
    "T[0,0]": 4.996141032751655,
    "T[0,1]": 4.996141032751655,
    "T[0,2]": 4.4873575769562075,
    "T[0,3]": 4.996141032751655,
    "T[0,4]": 4.4873575769562075,
    "T[0,5]": 4.996141032751655,
    "T[0,6]": 4.996141032751655,
    "T[0,7]": 4.4873575769562075
  },
  "level": {
    "l[7,0]": 7.0,
    "l[1,0]": 5.0,
    "l[2,0]": 4.0,
    "l[3,0]": 2.0,
    "l[4,0]": 1.0,
    "l[5,0]": 3.0,
    "l[6,0]": 6.0,
    "l[7,0,0]": 2.0,
    "l[1,0,0]": 1.0,
    "l[7,0,1]": 2.0,
    "l[1,0,1]": 1.0,
    "l[7,0,2]": 2.0,
    "l[2,0,2]": 1.0,
    "l[7,0,3]": 2.0,
    "l[1,0,3]": 1.0,
    "l[7,0,4]": 2.0,
    "l[2,0,4]": 1.0,
    "l[7,0,5]": 2.0,
    "l[1,0,5]": 1.0,
    "l[7,0,6]": 2.0,
    "l[1,0,6]": 1.0,
    "l[7,0,7]": 2.0,
    "l[2,0,7]": 1.0
  }
}