{
  "data_set": "6.20.1",
  "status": "OPTIMAL",
  "Optimal": 25221.533794482464,
  "num_constraint": 2816,
  "Number of variables": 2606,
  "solve_time": 74.75355386734009,
  "obj_value": 25221.533794482464,
  "return value": 25375.0,
  "truck_fee": 133.5925079848393,
  "drone_fee": 19.87369753269695,
  "Lw": 90,
  "Ld": 30,
  "truck_velocity": 0.666666667,
  "drone_velocity": 1.0,
  "truck_capacity": 1500,
  "drone_capacity": 40,
  "num_truck": 1,
  "num_drone": 1,
  "minWeightPerVisit": 0,
  "truck": {
    "x[1,3,0]": 1.0,
    "x[2,1,0]": 1.0,
    "x[3,7,0]": 1.0,
    "x[6,2,0]": 1.0,
    "x[0,6,0]": 1.0
  },
  "drone": {
    "y[6,7,0,0]": 1.0,
    "y[0,6,0,0]": 1.0,
    "y[6,7,0,1]": 1.0,
    "y[0,6,0,1]": 1.0,
    "y[6,7,0,2]": 1.0,
    "y[0,6,0,2]": 1.0,
    "y[4,7,0,3]": 1.0,
    "y[0,4,0,3]": 1.0,
    "y[6,7,0,4]": 1.0,
    "y[0,6,0,4]": 1.0,
    "y[5,7,0,5]": 1.0,
    "y[0,5,0,5]": 1.0,
    "y[4,7,0,6]": 1.0,
    "y[0,4,0,6]": 1.0,
    "y[5,7,0,7]": 1.0,
    "y[0,5,0,7]": 1.0
  },
  "cusWeight": {
    "m[1]": 75.0,
    "m[2]": 650.0,
    "m[3]": 650.0,
    "m[4]": 75.0,
    "m[5]": 75.0,
    "m[6]": 275.0
  },
  "cusWeightByDrone": {
    "m[4,0,3]": 40.0,
    "m[4,0,6]": 35.0,
    "m[5,0,5]": 35.0,
    "m[5,0,7]": 40.0,
    "m[6,0,0]": 40.0,
    "m[6,0,1]": 40.0,
    "m[6,0,2]": 40.0,
    "m[6,0,4]": 40.0
  },
  "cusWeightByTruck": {
    "m[1,0]": 75.0,
    "m[2,0]": 650.0,
    "m[3,0]": 650.0,
    "m[6,0]": 115.0
  },
  "tripDroneTime": {
    "T[0,0]": 9.127645123452936,
    "T[0,1]": 9.127645123452936,
    "T[0,2]": 9.127645123452936,
    "T[0,3]": 5.2094230572464895,
    "T[0,4]": 9.127645123452936,
    "T[0,5]": 16.282681761241545,
    "T[0,6]": 5.2094230572464895,
    "T[0,7]": 16.282681761241545
  },
  "level": {
    "l[7,0]": 5.0,
    "l[1,0]": 3.0,
    "l[2,0]": 2.0,
    "l[3,0]": 4.0,
    "l[6,0]": 1.0,
    "l[7,0,0]": 2.0,
    "l[6,0,0]": 1.0,
    "l[7,0,1]": 2.0,
    "l[6,0,1]": 1.0,
    "l[7,0,2]": 2.0,
    "l[6,0,2]": 1.0,
    "l[7,0,3]": 2.0,
    "l[4,0,3]": 1.0,
    "l[7,0,4]": 2.0,
    "l[6,0,4]": 1.0,
    "l[7,0,5]": 2.0,
    "l[5,0,5]": 1.0,
    "l[7,0,6]": 2.0,
    "l[4,0,6]": 1.0,
    "l[7,0,7]": 2.0,
    "l[5,0,7]": 1.0
  }
}