{
  "data_set": "6.5.3",
  "status": "OPTIMAL",
  "Optimal": 9198.700000001885,
  "num_constraint": 2046,
  "Number of variables": 1891,
  "solve_time": 122.02499437332153,
  "truck_cost": 230,
  "drone_cost": 25,
  "obj_value": 9198.7,
  "return value": 14225.0,
  "truck_fee": 4360.799999999999,
  "drone_fee": 665.5,
  "Lw": 30,
  "Ld": 30,
  "truck_velocity": 0.5,
  "drone_velocity": 1.0,
  "truck_capacity": 1500,
  "drone_capacity": 40,
  "num_truck": 1,
  "num_drone": 1,
  "minWeightPerVisit": 0,
  "truck": {
    "x[1,4,0]": 1.0,
    "x[4,7,0]": 1.0,
    "x[5,1,0]": 1.0,
    "x[6,5,0]": 1.0,
    "x[0,6,0]": 1.0
  },
  "drone": {
    "y[6,7,0,0]": 1.0,
    "y[0,6,0,0]": 1.0,
    "y[3,7,0,1]": 1.0,
    "y[0,3,0,1]": 1.0,
    "y[3,7,0,2]": 1.0,
    "y[0,3,0,2]": 1.0,
    "y[2,7,0,3]": 1.000000000033333,
    "y[0,2,0,3]": 1.000000000033333,
    "y[2,7,0,4]": 1.0,
    "y[0,2,0,4]": 1.0,
    "y[3,7,0,5]": 1.0,
    "y[0,3,0,5]": 1.0
  },
  "cusWeight": {
    "m[1]": 50.0,
    "m[2]": 75.0,
    "m[3]": 119.99999999900001,
    "m[4]": 675.0,
    "m[5]": 240.000000001,
    "m[6]": 575.0
  },
  "cusWeightByDrone": {
    "m[1,0,1]": 9.999965300266922e-10,
    "m[2,0,3]": 35.0,
    "m[2,0,4]": 40.0,
    "m[3,0,1]": 39.999999999,
    "m[3,0,2]": 40.0,
    "m[3,0,5]": 40.0,
    "m[6,0,0]": 40.0
  },
  "cusWeightByTruck": {
    "m[1,0]": 49.999999999,
    "m[4,0]": 675.0,
    "m[5,0]": 240.000000001,
    "m[6,0]": 535.0
  },
  "tripDroneTime": {
    "T[0,0]": 3.94,
    "T[0,1]": 5.44,
    "T[0,2]": 5.44,
    "T[0,3]": 3.179999999924668,
    "T[0,4]": 3.18,
    "T[0,5]": 5.44
  },
  "level": {
    "l[7,0]": 5.0,
    "l[1,0]": 3.0,
    "l[4,0]": 4.0,
    "l[5,0]": 2.0,
    "l[6,0]": 1.0,
    "l[7,0,0]": 2.0,
    "l[6,0,0]": 1.0,
    "l[7,0,1]": 2.0,
    "l[3,0,1]": 1.0,
    "l[7,0,2]": 2.0,
    "l[3,0,2]": 1.0,
    "l[7,0,3]": 2.0,
    "l[2,0,3]": 1.000000000033333,
    "l[7,0,4]": 2.0,
    "l[2,0,4]": 1.0,
    "l[7,0,5]": 2.0,
    "l[3,0,5]": 1.0
  }
}