{
  "data_set": "6.5.2",
  "status": "OPTIMAL",
  "Optimal": 17105.399401003662,
  "num_constraint": 996,
  "Number of variables": 916,
  "solve_time": 2.660545587539673,
  "obj_value": 17105.399401003662,
  "return value": 17150.0,
  "truck_fee": 37.142876370238184,
  "drone_fee": 7.457722626100631,
  "Lw": 30,
  "Ld": 30,
  "truck_velocity": 0.666666667,
  "drone_velocity": 1.0,
  "truck_capacity": 1500,
  "drone_capacity": 40,
  "num_truck": 1,
  "num_drone": 1,
  "minWeightPerVisit": 0,
  "truck": {
    "x[1,2,0]": 1.0,
    "x[2,5,0]": 1.0,
    "x[4,7,0]": 1.0,
    "x[5,4,0]": 0.9999999999998878,
    "x[0,1,0]": 1.0,
    "x[0,4,0]": 1.1218927021951055e-13
  },
  "drone": {
    "y[1,7,0,0]": 1.0,
    "y[0,1,0,0]": 1.0,
    "y[1,7,0,1]": 1.0,
    "y[0,1,0,1]": 1.0000000000000002,
    "y[1,3,0,2]": 7.105427357601002e-13,
    "y[3,7,0,2]": 1.0,
    "y[0,1,0,2]": 7.105427357601002e-13,
    "y[0,3,0,2]": 0.9999999999992895,
    "y[1,7,0,3]": 1.0,
    "y[0,1,0,3]": 1.0,
    "y[6,7,0,4]": 1.0,
    "y[0,6,0,4]": 1.0,
    "y[6,7,0,5]": 1.0,
    "y[0,6,0,5]": 1.0,
    "y[6,7,0,6]": 1.0,
    "y[0,6,0,6]": 1.0
  },
  "cusWeight": {
    "m[1]": 625.0,
    "m[2]": 620.0,
    "m[3]": 40.0,
    "m[4]": 325.0,
    "m[5]": 50.0,
    "m[6]": 120.0
  },
  "cusWeightByDrone": {
    "m[1,0,0]": 40.0,
    "m[1,0,1]": 39.99999999999999,
    "m[1,0,3]": 40.0,
    "m[3,0,1]": 1.8189894035458565e-12,
    "m[3,0,2]": 40.0,
    "m[5,0,5]": 1.8189894035458565e-12,
    "m[6,0,4]": 40.0,
    "m[6,0,5]": 40.00000000000182,
    "m[6,0,6]": 40.0
  },
  "cusWeightByTruck": {
    "m[1,0]": 505.0,
    "m[2,0]": 620.0,
    "m[4,0]": 325.0,
    "m[5,0]": 49.99999999999818
  },
  "tripDroneTime": {
    "T[0,0]": 4.632376289451952,
    "T[0,1]": 4.632376289451953,
    "T[0,2]": 5.111269832821168,
    "T[0,3]": 4.632376289451952,
    "T[0,4]": 3.6074972677418353,
    "T[0,5]": 3.6074972677418353,
    "T[0,6]": 3.6074972677418353
  },
  "level": {
    "l[7,0]": 5.0,
    "l[1,0]": 1.0,
    "l[2,0]": 2.0,
    "l[4,0]": 4.0,
    "l[5,0]": 3.0,
    "l[7,0,0]": 2.0,
    "l[1,0,0]": 1.0,
    "l[7,0,1]": 2.0,
    "l[1,0,1]": 1.0000000000000002,
    "l[7,0,2]": 1.9999999999992895,
    "l[1,0,2]": 7.105427357601002e-13,
    "l[3,0,2]": 0.9999999999992895,
    "l[7,0,3]": 2.0,
    "l[1,0,3]": 1.0,
    "l[7,0,4]": 2.0,
    "l[6,0,4]": 1.0,
    "l[7,0,5]": 2.0,
    "l[6,0,5]": 1.0,
    "l[7,0,6]": 2.0,
    "l[6,0,6]": 1.0
  }
}