{
  "data_set": "6.10.4",
  "status": "OPTIMAL",
  "Optimal": 15151.500000025,
  "num_constraint": 2256,
  "Number of variables": 2086,
  "solve_time": 681.7869501113892,
  "truck_cost": 230,
  "drone_cost": 25,
  "obj_value": 15151.5,
  "return value": 21850.0,
  "truck_fee": 5704.0,
  "drone_fee": 994.5,
  "Lw": 40,
  "Ld": 30,
  "truck_velocity": 0.5,
  "drone_velocity": 1.0,
  "truck_capacity": 1500,
  "drone_capacity": 40,
  "num_truck": 1,
  "num_drone": 1,
  "minWeightPerVisit": 0,
  "truck": {
    "x[1,5,0]": 1.0,
    "x[3,4,0]": 1.0,
    "x[4,7,0]": 1.0,
    "x[5,3,0]": 1.0,
    "x[0,1,0]": 1.0
  },
  "drone": {
    "y[2,1,0,0]": 7.14285773385979e-10,
    "y[2,7,0,0]": 1.0,
    "y[0,2,0,0]": 1.0000000007142857,
    "y[2,7,0,1]": 1.0,
    "y[0,2,0,1]": 1.0,
    "y[6,7,0,2]": 1.0,
    "y[0,6,0,2]": 1.0,
    "y[6,7,0,3]": 1.0,
    "y[0,6,0,3]": 1.0,
    "y[1,2,0,4]": 1.0,
    "y[2,7,0,4]": 1.0,
    "y[0,1,0,4]": 1.0,
    "y[2,7,0,5]": 1.0,
    "y[0,2,0,5]": 1.0
  },
  "cusWeight": {
    "m[1]": 375.0,
    "m[2]": 150.0,
    "m[3]": 150.0,
    "m[4]": 610.0,
    "m[5]": 375.0,
    "m[6]": 75.0
  },
  "cusWeightByDrone": {
    "m[1,0,4]": 9.999999999999993,
    "m[2,0,0]": 40.0,
    "m[2,0,1]": 39.99999999999999,
    "m[2,0,4]": 30.000000000000007,
    "m[2,0,5]": 40.0,
    "m[6,0,2]": 40.0,
    "m[6,0,3]": 35.0
  },
  "cusWeightByTruck": {
    "m[1,0]": 365.0,
    "m[3,0]": 150.0,
    "m[4,0]": 610.0,
    "m[5,0]": 375.0
  },
  "tripDroneTime": {
    "T[0,0]": 4.499999999,
    "T[0,1]": 4.5,
    "T[0,2]": 9.720000000000002,
    "T[0,3]": 9.720000000000002,
    "T[0,4]": 6.84,
    "T[0,5]": 4.5
  },
  "level": {
    "l[7,0]": 5.0,
    "l[1,0]": 1.0,
    "l[3,0]": 3.0,
    "l[4,0]": 4.0,
    "l[5,0]": 2.0,
    "l[7,0,0]": 2.0,
    "l[2,0,0]": 1.0000000007142857,
    "l[7,0,1]": 2.0,
    "l[2,0,1]": 1.0,
    "l[7,0,2]": 2.0,
    "l[6,0,2]": 1.0,
    "l[7,0,3]": 2.0,
    "l[6,0,3]": 1.0,
    "l[7,0,4]": 3.0,
    "l[1,0,4]": 1.0,
    "l[2,0,4]": 2.0,
    "l[7,0,5]": 2.0,
    "l[2,0,5]": 1.0
  }
}