{
  "data_set": "6.20.2",
  "status": "OPTIMAL",
  "Optimal": -1794.2499983385896,
  "num_constraint": 2956,
  "Number of variables": 2736,
  "solve_time": 101.00755667686462,
  "truck_cost": 230,
  "drone_cost": 25,
  "obj_value": -1794.25,
  "return value": 20400.0,
  "truck_fee": 20102.0,
  "drone_fee": 2092.25,
  "Lw": 90,
  "Ld": 30,
  "truck_velocity": 0.5,
  "drone_velocity": 1.0,
  "truck_capacity": 1500,
  "drone_capacity": 40,
  "num_truck": 1,
  "num_drone": 1,
  "minWeightPerVisit": 0,
  "truck": {
    "x[1,6,0]": 0.9999999997445219,
    "x[3,5,0]": 1.0,
    "x[4,3,0]": 1.0,
    "x[5,7,0]": 1.0,
    "x[6,4,0]": 1.0,
    "x[0,1,0]": 1.0,
    "x[0,6,0]": 2.554780629670035e-10
  },
  "drone": {
    "y[2,7,0,0]": 1.000000000072569,
    "y[0,2,0,0]": 1.000000000072569,
    "y[1,2,0,1]": 1.0,
    "y[2,7,0,1]": 1.0,
    "y[3,4,0,1]": 1.4497283855226456e-11,
    "y[4,3,0,1]": 1.4497283855226456e-11,
    "y[0,1,0,1]": 0.9999999999219894,
    "y[2,7,0,2]": 1.0,
    "y[3,5,0,2]": 1.4497283855226456e-11,
    "y[5,3,0,2]": 1.4497283855226456e-11,
    "y[0,2,0,2]": 1.0,
    "y[6,7,0,3]": 1.0,
    "y[0,6,0,3]": 1.0,
    "y[2,7,0,4]": 1.0000000006024108,
    "y[0,2,0,4]": 1.0000000006024108,
    "y[2,7,0,5]": 1.0000000006024108,
    "y[0,2,0,5]": 1.0000000006024108
  },
  "cusWeight": {
    "m[1]": 175.0,
    "m[2]": 175.0,
    "m[3]": 450.0,
    "m[4]": 315.0,
    "m[5]": 175.0,
    "m[6]": 450.0
  },
  "cusWeightByDrone": {
    "m[1,0,1]": 25.0,
    "m[2,0,0]": 40.0,
    "m[2,0,1]": 15.0,
    "m[2,0,2]": 40.0,
    "m[2,0,4]": 40.0,
    "m[2,0,5]": 40.0,
    "m[6,0,3]": 40.0
  },
  "cusWeightByTruck": {
    "m[1,0]": 150.0,
    "m[3,0]": 450.0,
    "m[4,0]": 315.0,
    "m[5,0]": 175.0,
    "m[6,0]": 410.0
  },
  "tripDroneTime": {
    "T[0,0]": 13.780000001000001,
    "T[0,1]": 16.449999999,
    "T[0,2]": 13.779999999000001,
    "T[0,3]": 12.12,
    "T[0,4]": 13.780000001000001,
    "T[0,5]": 13.780000001000001
  },
  "level": {
    "l[7,0]": 6.0,
    "l[1,0]": 1.0,
    "l[3,0]": 4.0,
    "l[4,0]": 3.0,
    "l[5,0]": 5.0,
    "l[6,0]": 2.0,
    "l[7,0,0]": 2.000000000072569,
    "l[2,0,0]": 1.000000000072569,
    "l[6,0,0]": 7.256907540618364e-11,
    "l[7,0,1]": 3.0,
    "l[1,0,1]": 0.9999999999219894,
    "l[2,0,1]": 2.0,
    "l[7,0,2]": 1.9999999999364866,
    "l[2,0,2]": 1.0,
    "l[7,0,3]": 2.0,
    "l[6,0,3]": 1.0,
    "l[7,0,4]": 2.0000000006024106,
    "l[2,0,4]": 1.0000000006024108,
    "l[7,0,5]": 2.0000000006024106,
    "l[2,0,5]": 1.0000000006024108,
    "l[6,0,5]": 6.024107584922954e-10
  }
}