{
  "data_set": "6.20.2",
  "status": "OPTIMAL",
  "Optimal": 20567.594649463914,
  "num_constraint": 2956,
  "Number of variables": 2736,
  "solve_time": 85.59274649620056,
  "obj_value": 20567.594649463914,
  "return value": 20750.0,
  "truck_fee": 161.21990965569927,
  "drone_fee": 21.185440880387002,
  "Lw": 90,
  "Ld": 30,
  "truck_velocity": 0.666666667,
  "drone_velocity": 1.0,
  "truck_capacity": 1500,
  "drone_capacity": 40,
  "num_truck": 1,
  "num_drone": 1,
  "minWeightPerVisit": 0,
  "truck": {
    "x[1,2,0]": 1.0,
    "x[2,7,0]": 1.0,
    "x[3,4,0]": 1.0,
    "x[4,6,0]": 1.0,
    "x[5,3,0]": 1.0,
    "x[6,1,0]": 1.0,
    "x[0,5,0]": 1.0
  },
  "drone": {
    "y[6,7,0,0]": 1.0,
    "y[0,6,0,0]": 1.0,
    "y[6,7,0,1]": 1.0,
    "y[0,6,0,1]": 1.0,
    "y[6,7,0,2]": 1.0,
    "y[0,6,0,2]": 1.0,
    "y[6,7,0,3]": 1.0,
    "y[0,6,0,3]": 1.0,
    "y[6,7,0,4]": 1.0,
    "y[0,6,0,4]": 1.0,
    "y[6,7,0,5]": 1.0,
    "y[0,6,0,5]": 1.0,
    "y[6,7,0,6]": 1.0,
    "y[0,6,0,6]": 1.0
  },
  "cusWeight": {
    "m[1]": 175.0,
    "m[2]": 175.0,
    "m[3]": 450.0,
    "m[4]": 350.0,
    "m[5]": 175.0,
    "m[6]": 450.0
  },
  "cusWeightByDrone": {
    "m[6,0,0]": 35.0,
    "m[6,0,1]": 40.0,
    "m[6,0,2]": 40.0,
    "m[6,0,3]": 40.0,
    "m[6,0,4]": 40.0,
    "m[6,0,5]": 40.0,
    "m[6,0,6]": 40.0
  },
  "cusWeightByTruck": {
    "m[1,0]": 175.0,
    "m[2,0]": 175.0,
    "m[3,0]": 450.0,
    "m[4,0]": 350.0,
    "m[5,0]": 175.0,
    "m[6,0]": 175.0
  },
  "tripDroneTime": {
    "T[0,0]": 12.105966217364001,
    "T[0,1]": 12.105966217364001,
    "T[0,2]": 12.105966217364001,
    "T[0,3]": 12.105966217364001,
    "T[0,4]": 12.105966217364001,
    "T[0,5]": 12.105966217364001,
    "T[0,6]": 12.105966217364001
  },
  "level": {
    "l[7,0]": 7.0,
    "l[1,0]": 5.0,
    "l[2,0]": 6.0,
    "l[3,0]": 2.0,
    "l[4,0]": 3.0,
    "l[5,0]": 1.0,
    "l[6,0]": 4.0,
    "l[7,0,0]": 2.0,
    "l[6,0,0]": 1.0,
    "l[7,0,1]": 2.0,
    "l[6,0,1]": 1.0,
    "l[7,0,2]": 2.0,
    "l[6,0,2]": 1.0,
    "l[7,0,3]": 2.0,
    "l[6,0,3]": 1.0,
    "l[7,0,4]": 2.0,
    "l[6,0,4]": 1.0,
    "l[7,0,5]": 2.0,
    "l[6,0,5]": 1.0,
    "l[7,0,6]": 2.0,
    "l[6,0,6]": 1.0
  }
}