{
  "data_set": "6.5.1",
  "status": "OPTIMAL",
  "Optimal": 31375.726216108575,
  "num_constraint": 3166,
  "Number of variables": 2931,
  "solve_time": 0.6318309307098389,
  "obj_value": 31375.72621610857,
  "return value": 31425.0,
  "truck_fee": 41.944983812688534,
  "drone_fee": 7.328800078738893,
  "Lw": 30,
  "Ld": 30,
  "truck_velocity": 0.666666667,
  "drone_velocity": 1.0,
  "truck_capacity": 1500,
  "drone_capacity": 40,
  "num_truck": 1,
  "num_drone": 1,
  "minWeightPerVisit": 0,
  "truck": {
    "x[1,7,0]": 1.0,
    "x[2,5,0]": 1.0,
    "x[3,2,0]": 1.0,
    "x[5,1,0]": 1.0,
    "x[6,3,0]": 1.0,
    "x[0,6,0]": 1.0
  },
  "drone": {
    "y[4,7,0,0]": 1.0,
    "y[0,4,0,0]": 1.0,
    "y[1,7,0,1]": 1.0,
    "y[0,1,0,1]": 1.0,
    "y[1,7,0,2]": 1.0,
    "y[0,1,0,2]": 1.0,
    "y[1,7,0,3]": 1.0,
    "y[0,1,0,3]": 1.0,
    "y[1,7,0,4]": 1.0,
    "y[0,1,0,4]": 1.0,
    "y[1,7,0,5]": 1.0,
    "y[0,1,0,5]": 1.0,
    "y[1,7,0,6]": 1.0,
    "y[0,1,0,6]": 1.0,
    "y[1,7,0,7]": 1.0,
    "y[0,1,0,7]": 1.0,
    "y[1,7,0,8]": 1.0,
    "y[0,1,0,8]": 1.0,
    "y[1,7,0,9]": 1.0,
    "y[0,1,0,9]": 1.0,
    "y[1,7,0,10]": 1.0,
    "y[0,1,0,10]": 1.0,
    "y[1,7,0,11]": 1.0,
    "y[0,1,0,11]": 1.0
  },
  "cusWeight": {
    "m[1]": 740.0,
    "m[2]": 50.0,
    "m[3]": 25.0,
    "m[4]": 40.0,
    "m[5]": 750.0,
    "m[6]": 375.0
  },
  "cusWeightByDrone": {
    "m[1,0,1]": 40.0,
    "m[1,0,2]": 40.0,
    "m[1,0,3]": 40.0,
    "m[1,0,4]": 40.0,
    "m[1,0,5]": 40.0,
    "m[1,0,6]": 40.0,
    "m[1,0,7]": 40.0,
    "m[1,0,8]": 40.0,
    "m[1,0,9]": 40.0,
    "m[1,0,10]": 40.0,
    "m[1,0,11]": 40.0,
    "m[4,0,0]": 40.0
  },
  "cusWeightByTruck": {
    "m[1,0]": 300.0,
    "m[2,0]": 50.0,
    "m[3,0]": 25.0,
    "m[5,0]": 750.0,
    "m[6,0]": 375.0
  },
  "tripDroneTime": {
    "T[0,0]": 2.060450035557568,
    "T[0,1]": 2.477704570854365,
    "T[0,2]": 2.477704570854365,
    "T[0,3]": 2.477704570854365,
    "T[0,4]": 2.477704570854365,
    "T[0,5]": 2.477704570854365,
    "T[0,6]": 2.477704570854365,
    "T[0,7]": 2.477704570854365,
    "T[0,8]": 2.477704570854365,
    "T[0,9]": 2.477704570854365,
    "T[0,10]": 2.477704570854365,
    "T[0,11]": 2.477704570854365
  },
  "level": {
    "l[7,0]": 6.0,
    "l[1,0]": 5.0,
    "l[2,0]": 3.0,
    "l[3,0]": 2.0,
    "l[5,0]": 4.0,
    "l[6,0]": 1.0,
    "l[7,0,0]": 2.0,
    "l[1,0,0]": 1.0,
    "l[4,0,0]": 1.0,
    "l[7,0,1]": 2.0,
    "l[1,0,1]": 1.0,
    "l[7,0,2]": 2.0,
    "l[1,0,2]": 1.0,
    "l[7,0,3]": 2.0,
    "l[1,0,3]": 1.0,
    "l[7,0,4]": 2.0,
    "l[1,0,4]": 1.0,
    "l[7,0,5]": 2.0,
    "l[1,0,5]": 1.0,
    "l[7,0,6]": 2.0,
    "l[1,0,6]": 1.0,
    "l[7,0,7]": 2.0,
    "l[1,0,7]": 1.0,
    "l[7,0,8]": 2.0,
    "l[1,0,8]": 1.0,
    "l[7,0,9]": 2.0,
    "l[1,0,9]": 1.0,
    "l[7,0,10]": 2.0,
    "l[1,0,10]": 1.0,
    "l[7,0,11]": 2.0,
    "l[1,0,11]": 1.0
  }
}