{
  "data_set": "50.20.3",
  "status": "FEASIBLE",
  "Optimal": -40279.65,
  "num_constraint": 222366,
  "Number of variables": 221860,
  "solve_time": 18163.309636831284,
  "truck_cost": 230,
  "drone_cost": 25,
  "obj_value": -40279.65000000001,
  "return value": 44275.0,
  "truck_fee": 81415.40000000001,
  "drone_fee": 3139.25,
  "Lw": 200,
  "Ld": 30,
  "truck_velocity": 0.5,
  "drone_velocity": 1.0,
  "truck_capacity": 1500,
  "drone_capacity": 40,
  "num_truck": 2,
  "num_drone": 2,
  "minWeightPerVisit": 0,
  "truck": {
    "x[1,35,0]": 1.0,
    "x[3,8,0]": 1.0,
    "x[4,38,0]": 1.0,
    "x[6,46,0]": 1.0,
    "x[8,4,0]": 1.0,
    "x[10,19,0]": 1.0,
    "x[11,10,0]": 1.0,
    "x[14,28,0]": 1.0,
    "x[19,36,0]": 1.0,
    "x[28,34,0]": 1.0,
    "x[32,1,0]": 1.0,
    "x[34,11,0]": 1.0,
    "x[35,6,0]": 1.0,
    "x[36,51,0]": 1.0,
    "x[38,32,0]": 1.0,
    "x[46,14,0]": 1.0,
    "x[0,3,0]": 1.0,
    "x[2,27,1]": 1.0,
    "x[5,42,1]": 1.0,
    "x[18,5,1]": 1.0,
    "x[23,2,1]": 1.0,
    "x[25,23,1]": 1.0,
    "x[27,36,1]": 1.0,
    "x[30,18,1]": 1.0,
    "x[36,51,1]": 1.0,
    "x[42,44,1]": 1.0,
    "x[44,25,1]": 1.0,
    "x[0,30,1]": 1.0
  },
  "drone": {
    "y[36,51,0,0]": 1.0,
    "y[0,36,0,0]": 1.0,
    "y[36,51,1,0]": 1.0,
    "y[0,36,1,0]": 1.0,
    "y[5,20,1,1]": 1.0,
    "y[17,48,1,1]": 1.0,
    "y[20,51,1,1]": 1.0,
    "y[48,5,1,1]": 1.0,
    "y[0,17,1,1]": 1.0,
    "y[13,51,1,2]": 1.0,
    "y[33,13,1,2]": 1.0,
    "y[36,33,1,2]": 1.0,
    "y[0,36,1,2]": 1.0,
    "y[15,45,1,3]": 1.0,
    "y[36,51,1,3]": 1.0,
    "y[45,36,1,3]": 1.0,
    "y[50,15,1,3]": 1.0,
    "y[0,50,1,3]": 1.0,
    "y[15,20,1,4]": 1.0,
    "y[20,36,1,4]": 1.0,
    "y[36,51,1,4]": 1.0,
    "y[0,15,1,4]": 1.0,
    "y[36,51,1,5]": 1.0,
    "y[0,36,1,5]": 1.0,
    "y[36,51,1,6]": 1.0,
    "y[0,36,1,6]": 1.0,
    "y[26,33,1,7]": 1.0,
    "y[33,51,1,7]": 1.0,
    "y[50,26,1,7]": 1.0,
    "y[0,50,1,7]": 1.0
  },
  "cusWeight": {
    "m[1]": 325.0,
    "m[2]": 125.0,
    "m[4]": 200.0,
    "m[5]": 125.0,
    "m[6]": 50.0,
    "m[8]": 25.0,
    "m[11]": 250.0,
    "m[13]": 25.0,
    "m[14]": 25.0,
    "m[15]": 15.0,
    "m[17]": 15.0,
    "m[18]": 125.0,
    "m[19]": 50.0,
    "m[20]": 25.0,
    "m[23]": 75.0,
    "m[25]": 175.0,
    "m[26]": 25.0,
    "m[27]": 75.0,
    "m[28]": 25.0,
    "m[30]": 325.0,
    "m[32]": 325.0,
    "m[33]": 25.0,
    "m[34]": 25.0,
    "m[35]": 125.0,
    "m[36]": 284.9999999999999,
    "m[38]": 25.0,
    "m[42]": 175.0,
    "m[44]": 175.0,
    "m[45]": 20.0,
    "m[46]": 50.0,
    "m[48]": 25.0,
    "m[50]": 25.0
  },
  "cusWeightByDrone": {
    "m[13,1,2]": 25.0,
    "m[15,1,4]": 15.0,
    "m[17,1,1]": 15.0,
    "m[20,1,4]": 25.0,
    "m[26,1,7]": 25.0,
    "m[33,1,2]": 15.0,
    "m[33,1,7]": 10.0,
    "m[36,0,0]": 40.0,
    "m[36,1,0]": 40.0,
    "m[36,1,5]": 40.0,
    "m[36,1,6]": 40.0,
    "m[45,1,3]": 20.0,
    "m[48,1,1]": 25.0,
    "m[50,1,3]": 20.0,
    "m[50,1,7]": 5.0
  },
  "cusWeightByTruck": {
    "m[1,0]": 325.0,
    "m[2,1]": 125.0,
    "m[4,0]": 200.0,
    "m[5,1]": 125.0,
    "m[6,0]": 50.0,
    "m[8,0]": 25.0,
    "m[11,0]": 250.0,
    "m[14,0]": 25.0,
    "m[18,1]": 125.0,
    "m[19,0]": 50.0,
    "m[23,1]": 75.0,
    "m[25,1]": 175.0,
    "m[27,1]": 75.0,
    "m[28,0]": 25.0,
    "m[30,1]": 325.0,
    "m[32,0]": 325.0,
    "m[34,0]": 25.0,
    "m[35,0]": 125.0,
    "m[36,1]": 124.99999999999989,
    "m[38,0]": 25.0,
    "m[42,1]": 175.0,
    "m[44,1]": 175.0,
    "m[46,0]": 50.0
  },
  "tripDroneTime": {
    "T[0,0]": 3.7799999999999994,
    "T[1,0]": 3.7799999999999994,
    "T[1,1]": 24.35,
    "T[1,2]": 29.439999999999998,
    "T[1,3]": 18.559999999999995,
    "T[1,4]": 17.979999999999997,
    "T[1,5]": 3.7799999999999994,
    "T[1,6]": 3.7799999999999994,
    "T[1,7]": 20.12
  },
  "level": {
    "l[51,0]": 17.0,
    "l[1,0]": 6.0,
    "l[3,0]": 1.0,
    "l[4,0]": 3.0,
    "l[6,0]": 8.0,
    "l[8,0]": 2.0,
    "l[10,0]": 14.0,
    "l[11,0]": 13.0,
    "l[14,0]": 10.0,
    "l[19,0]": 15.0,
    "l[28,0]": 11.0,
    "l[32,0]": 5.0,
    "l[34,0]": 12.0,
    "l[35,0]": 7.0,
    "l[36,0]": 16.0,
    "l[38,0]": 4.0,
    "l[46,0]": 9.0,
    "l[51,1]": 11.0,
    "l[2,1]": 8.0,
    "l[5,1]": 3.0,
    "l[18,1]": 2.0,
    "l[23,1]": 7.0,
    "l[25,1]": 6.0,
    "l[27,1]": 9.0,
    "l[30,1]": 1.0,
    "l[36,1]": 10.0,
    "l[42,1]": 4.0,
    "l[44,1]": 5.0,
    "l[51,0,0]": 2.0,
    "l[36,0,0]": 1.0,
    "l[51,1,0]": 2.0,
    "l[36,1,0]": 1.0,
    "l[51,1,1]": 5.0,
    "l[5,1,1]": 3.0,
    "l[17,1,1]": 1.0,
    "l[20,1,1]": 4.0,
    "l[48,1,1]": 2.0,
    "l[51,1,2]": 4.0,
    "l[13,1,2]": 3.0,
    "l[33,1,2]": 2.0,
    "l[36,1,2]": 1.0,
    "l[51,1,3]": 5.0,
    "l[15,1,3]": 2.0,
    "l[36,1,3]": 4.0,
    "l[45,1,3]": 3.0,
    "l[50,1,3]": 1.0,
    "l[51,1,4]": 4.0,
    "l[15,1,4]": 1.0,
    "l[20,1,4]": 2.0,
    "l[36,1,4]": 3.0,
    "l[51,1,5]": 2.0,
    "l[36,1,5]": 1.0,
    "l[51,1,6]": 2.0,
    "l[36,1,6]": 1.0,
    "l[51,1,7]": 4.0,
    "l[26,1,7]": 2.0,
    "l[33,1,7]": 3.0,
    "l[50,1,7]": 1.0
  }
}