{
  "data_set": "50.20.1",
  "status": "FEASIBLE",
  "Optimal": -16107.700000000003,
  "num_constraint": 216946,
  "Number of variables": 216450,
  "solve_time": 18051.754853487015,
  "truck_cost": 230,
  "drone_cost": 25,
  "obj_value": -16107.700000000004,
  "return value": 39925.0,
  "truck_fee": 53553.200000000004,
  "drone_fee": 2479.5,
  "Lw": 200,
  "Ld": 30,
  "truck_velocity": 0.5,
  "drone_velocity": 1.0,
  "truck_capacity": 1500,
  "drone_capacity": 40,
  "num_truck": 2,
  "num_drone": 2,
  "minWeightPerVisit": 0,
  "truck": {
    "x[4,38,0]": 1.0,
    "x[5,23,0]": 1.0,
    "x[10,51,0]": 1.0,
    "x[16,10,0]": 1.0,
    "x[23,44,0]": 1.0,
    "x[27,16,0]": 1.0,
    "x[38,27,0]": 1.0,
    "x[44,4,0]": 1.0,
    "x[0,5,0]": 1.0,
    "x[2,11,1]": 1.0,
    "x[11,49,1]": 1.0,
    "x[19,2,1]": 1.0,
    "x[24,34,1]": 1.0,
    "x[25,26,1]": 1.0,
    "x[26,19,1]": 1.0,
    "x[32,40,1]": 1.0,
    "x[34,25,1]": 1.0,
    "x[39,45,1]": 1.0,
    "x[40,51,1]": 1.0,
    "x[45,24,1]": 1.0,
    "x[49,32,1]": 1.0,
    "x[0,39,1]": 1.0
  },
  "drone": {
    "y[15,51,0,0]": 1.0,
    "y[0,15,0,0]": 1.0,
    "y[15,40,1,0]": 1.0,
    "y[40,51,1,0]": 1.0,
    "y[0,15,1,0]": 1.0,
    "y[40,51,1,1]": 1.0,
    "y[0,40,1,1]": 1.0,
    "y[24,51,1,2]": 1.0,
    "y[0,24,1,2]": 1.0,
    "y[13,15,1,3]": 1.0,
    "y[15,51,1,3]": 1.0,
    "y[0,13,1,3]": 1.0,
    "y[1,15,1,4]": 1.0,
    "y[15,51,1,4]": 1.0,
    "y[31,1,1,4]": 1.0,
    "y[0,31,1,4]": 1.0,
    "y[42,51,1,5]": 1.0,
    "y[0,42,1,5]": 1.0,
    "y[18,51,1,6]": 1.0,
    "y[0,18,1,6]": 1.0
  },
  "cusWeight": {
    "m[1]": 25.0,
    "m[2]": 250.0,
    "m[4]": 200.0,
    "m[5]": 200.0,
    "m[10]": 100.0,
    "m[11]": 45.0,
    "m[13]": 40.0,
    "m[15]": 25.0,
    "m[16]": 200.0,
    "m[18]": 25.0,
    "m[19]": 200.0,
    "m[23]": 200.0,
    "m[24]": 100.0,
    "m[27]": 100.0,
    "m[31]": 15.0,
    "m[32]": 100.0,
    "m[34]": 250.0,
    "m[38]": 250.0,
    "m[39]": 25.0,
    "m[40]": 200.0,
    "m[42]": 40.0,
    "m[44]": 250.0,
    "m[45]": 250.0,
    "m[49]": 200.0
  },
  "cusWeightByDrone": {
    "m[1,1,4]": 25.0,
    "m[13,1,3]": 40.0,
    "m[15,0,0]": 25.0,
    "m[18,1,6]": 25.0,
    "m[24,1,2]": 40.0,
    "m[31,1,4]": 15.0,
    "m[40,1,0]": 40.0,
    "m[40,1,1]": 40.0,
    "m[42,1,5]": 40.0
  },
  "cusWeightByTruck": {
    "m[2,1]": 250.0,
    "m[4,0]": 200.0,
    "m[5,0]": 200.0,
    "m[10,0]": 100.0,
    "m[11,1]": 45.0,
    "m[16,0]": 200.0,
    "m[19,1]": 200.0,
    "m[23,0]": 200.0,
    "m[24,1]": 60.0,
    "m[27,0]": 100.0,
    "m[32,1]": 100.0,
    "m[34,1]": 250.0,
    "m[38,0]": 250.0,
    "m[39,1]": 25.0,
    "m[40,1]": 120.0,
    "m[44,0]": 250.0,
    "m[45,1]": 250.0,
    "m[49,1]": 200.0
  },
  "tripDroneTime": {
    "T[0,0]": 4.380000000000001,
    "T[1,0]": 11.91,
    "T[1,1]": 8.34,
    "T[1,2]": 8.96,
    "T[1,3]": 20.11,
    "T[1,4]": 19.759999999999998,
    "T[1,5]": 21.08,
    "T[1,6]": 4.64
  },
  "level": {
    "l[51,0]": 9.0,
    "l[4,0]": 4.0,
    "l[5,0]": 1.0,
    "l[10,0]": 8.0,
    "l[16,0]": 7.0,
    "l[23,0]": 2.0,
    "l[27,0]": 6.0,
    "l[38,0]": 5.0,
    "l[44,0]": 3.0,
    "l[51,1]": 13.0,
    "l[2,1]": 8.0,
    "l[11,1]": 9.0,
    "l[19,1]": 7.0,
    "l[24,1]": 3.0,
    "l[25,1]": 5.0,
    "l[26,1]": 6.0,
    "l[32,1]": 11.0,
    "l[34,1]": 4.0,
    "l[39,1]": 1.0,
    "l[40,1]": 12.0,
    "l[45,1]": 2.0,
    "l[49,1]": 10.0,
    "l[51,0,0]": 2.0,
    "l[15,0,0]": 1.0,
    "l[51,1,0]": 3.0,
    "l[15,1,0]": 1.0,
    "l[40,1,0]": 2.0,
    "l[51,1,1]": 2.0,
    "l[40,1,1]": 1.0,
    "l[51,1,2]": 2.0,
    "l[24,1,2]": 1.0,
    "l[51,1,3]": 3.0,
    "l[13,1,3]": 1.0,
    "l[15,1,3]": 2.0,
    "l[51,1,4]": 4.0,
    "l[1,1,4]": 2.0,
    "l[15,1,4]": 3.0,
    "l[31,1,4]": 1.0,
    "l[51,1,5]": 2.0,
    "l[42,1,5]": 1.0,
    "l[51,1,6]": 2.0,
    "l[15,1,6]": 1.0,
    "l[18,1,6]": 1.0
  }
}