{
  "data_set": "50.10.1",
  "status": "FEASIBLE",
  "Optimal": 51755.37753452567,
  "num_constraint": 76026,
  "Number of variables": 75790,
  "solve_time": 36105.80410408974,
  "obj_value": 51755.37753452567,
  "return value": 51950.0,
  "truck_fee": 150.03282611209906,
  "drone_fee": 44.58963936223331,
  "Lw": 110,
  "Ld": 30,
  "truck_velocity": 0.666666667,
  "drone_velocity": 1.0,
  "truck_capacity": 1500,
  "drone_capacity": 40,
  "num_truck": 2,
  "num_drone": 2,
  "minWeightPerVisit": 0,
  "truck": {
    "x[17,26,0]": 1.0,
    "x[24,25,0]": 1.0,
    "x[25,17,0]": 1.0,
    "x[26,36,0]": 1.0,
    "x[29,51,0]": 1.0,
    "x[36,45,0]": 1.0,
    "x[42,24,0]": 1.0,
    "x[45,29,0]": 1.0,
    "x[50,42,0]": 1.0,
    "x[0,50,0]": 1.0,
    "x[5,46,1]": 1.0,
    "x[6,11,1]": 1.0,
    "x[7,33,1]": 1.0,
    "x[11,28,1]": 1.0,
    "x[28,35,1]": 1.0,
    "x[31,5,1]": 1.0,
    "x[33,6,1]": 1.0,
    "x[35,51,1]": 1.0,
    "x[43,7,1]": 1.0,
    "x[46,43,1]": 1.0,
    "x[0,31,1]": 1.0
  },
  "drone": {
    "y[41,48,0,0]": 1.0,
    "y[48,51,0,0]": 1.0,
    "y[0,41,0,0]": 1.0,
    "y[10,40,0,1]": 1.0,
    "y[40,51,0,1]": 1.0,
    "y[0,10,0,1]": 1.0,
    "y[8,51,0,2]": 1.0,
    "y[0,8,0,2]": 1.0,
    "y[8,51,0,3]": 1.0,
    "y[41,49,0,3]": 1.0,
    "y[49,8,0,3]": 1.0,
    "y[0,41,0,3]": 1.0,
    "y[37,48,0,4]": 1.0,
    "y[48,51,0,4]": 1.0,
    "y[0,37,0,4]": 1.0,
    "y[8,51,0,5]": 1.0,
    "y[0,8,0,5]": 1.0,
    "y[38,51,0,6]": 1.0,
    "y[44,38,0,6]": 1.0,
    "y[0,44,0,6]": 1.0,
    "y[10,51,0,7]": 1.0,
    "y[21,10,0,7]": 1.0,
    "y[0,21,0,7]": 1.0,
    "y[8,51,0,8]": 1.0,
    "y[0,8,0,8]": 1.0,
    "y[34,44,0,9]": 1.0,
    "y[43,34,0,9]": 1.0,
    "y[44,51,0,9]": 1.0,
    "y[0,43,0,9]": 1.0,
    "y[41,51,0,10]": 1.0,
    "y[0,41,0,10]": 1.0,
    "y[32,51,0,11]": 1.0,
    "y[0,32,0,11]": 1.0,
    "y[43,51,0,12]": 1.0,
    "y[0,43,0,12]": 1.0,
    "y[32,51,1,0]": 1.0,
    "y[0,32,1,0]": 1.0,
    "y[32,51,1,1]": 1.0,
    "y[0,32,1,1]": 1.0,
    "y[21,51,1,2]": 1.0,
    "y[28,21,1,2]": 1.0,
    "y[0,28,1,2]": 1.0,
    "y[10,51,1,3]": 1.0,
    "y[30,10,1,3]": 1.0,
    "y[47,30,1,3]": 1.0,
    "y[0,47,1,3]": 1.0,
    "y[10,47,1,4]": 1.0,
    "y[27,51,1,4]": 1.0,
    "y[47,27,1,4]": 1.0,
    "y[0,10,1,4]": 1.0,
    "y[12,20,1,5]": 1.0,
    "y[20,51,1,5]": 1.0,
    "y[0,12,1,5]": 1.0,
    "y[2,51,1,6]": 1.0,
    "y[0,2,1,6]": 1.0,
    "y[8,51,1,7]": 1.0,
    "y[0,8,1,7]": 1.0,
    "y[20,51,1,8]": 1.0,
    "y[0,20,1,8]": 1.0,
    "y[1,8,1,9]": 1.0,
    "y[8,51,1,9]": 1.0,
    "y[0,1,1,9]": 1.0,
    "y[10,22,1,10]": 1.0,
    "y[13,51,1,10]": 1.0,
    "y[22,13,1,10]": 1.0,
    "y[0,10,1,10]": 1.0,
    "y[8,51,1,11]": 1.0,
    "y[0,8,1,11]": 1.0,
    "y[22,51,1,12]": 1.0,
    "y[0,22,1,12]": 1.0
  },
  "cusWeight": {
    "m[1]": 25.0,
    "m[2]": 40.0,
    "m[5]": 200.0,
    "m[6]": 50.0,
    "m[7]": 225.0,
    "m[8]": 225.0,
    "m[10]": 25.0,
    "m[11]": 225.0,
    "m[12]": 29.999999999999986,
    "m[13]": 25.0,
    "m[17]": 225.0,
    "m[20]": 50.0,
    "m[21]": 50.0,
    "m[22]": 50.0,
    "m[24]": 50.0,
    "m[25]": 125.0,
    "m[26]": 100.0,
    "m[27]": 25.0,
    "m[28]": 50.0,
    "m[29]": 225.0,
    "m[30]": 25.0,
    "m[31]": 225.0,
    "m[32]": 120.0,
    "m[33]": 50.0,
    "m[34]": 25.0,
    "m[35]": 225.0,
    "m[36]": 225.0,
    "m[37]": 25.0,
    "m[38]": 25.0,
    "m[40]": 25.0,
    "m[41]": 50.0,
    "m[42]": 225.0,
    "m[43]": 225.0,
    "m[44]": 25.0,
    "m[45]": 100.0,
    "m[46]": 100.0,
    "m[47]": 25.0,
    "m[48]": 50.0,
    "m[49]": 25.0,
    "m[50]": 225.0
  },
  "cusWeightByDrone": {
    "m[1,1,9]": 25.0,
    "m[2,1,6]": 40.0,
    "m[8,0,2]": 40.0,
    "m[8,0,3]": 10.0,
    "m[8,0,5]": 40.0,
    "m[8,0,8]": 40.0,
    "m[8,1,7]": 40.0,
    "m[8,1,9]": 15.0,
    "m[8,1,11]": 40.0,
    "m[10,0,1]": 15.0,
    "m[10,1,3]": 5.0,
    "m[10,1,10]": 5.0,
    "m[12,1,5]": 29.999999999999986,
    "m[13,1,10]": 25.0,
    "m[20,1,5]": 10.0,
    "m[20,1,8]": 40.0,
    "m[21,0,7]": 40.0,
    "m[21,1,2]": 10.0,
    "m[22,1,10]": 10.0,
    "m[22,1,12]": 40.0,
    "m[27,1,4]": 25.0,
    "m[28,1,2]": 30.0,
    "m[30,1,3]": 25.0,
    "m[32,0,11]": 40.0,
    "m[32,1,0]": 40.0,
    "m[32,1,1]": 40.0,
    "m[34,0,9]": 25.0,
    "m[37,0,4]": 25.0,
    "m[38,0,6]": 25.0,
    "m[40,0,1]": 25.0,
    "m[41,0,0]": 5.0,
    "m[41,0,3]": 5.0,
    "m[41,0,10]": 40.0,
    "m[43,0,9]": 4.999999999999986,
    "m[43,0,12]": 40.0,
    "m[44,0,6]": 15.0,
    "m[44,0,9]": 10.0,
    "m[47,1,3]": 10.0,
    "m[47,1,4]": 15.0,
    "m[48,0,0]": 35.0,
    "m[48,0,4]": 15.0,
    "m[49,0,3]": 25.0
  },
  "cusWeightByTruck": {
    "m[5,1]": 200.0,
    "m[6,1]": 50.0,
    "m[7,1]": 225.0,
    "m[11,1]": 225.0,
    "m[17,0]": 225.0,
    "m[24,0]": 50.0,
    "m[25,0]": 125.0,
    "m[26,0]": 100.0,
    "m[28,1]": 20.0,
    "m[29,0]": 225.0,
    "m[31,1]": 225.0,
    "m[33,1]": 50.0,
    "m[35,1]": 224.99999999999997,
    "m[36,0]": 225.0,
    "m[42,0]": 225.0,
    "m[43,1]": 180.0,
    "m[45,0]": 100.0,
    "m[46,1]": 100.0,
    "m[50,0]": 225.0
  },
  "tripDroneTime": {
    "T[0,0]": 5.5875328582767745,
    "T[0,1]": 4.318223463977278,
    "T[0,2]": 1.9324200511850695,
    "T[0,3]": 12.051220023774302,
    "T[0,4]": 15.497422413200201,
    "T[0,5]": 1.9324200511850695,
    "T[0,6]": 9.19319909200452,
    "T[0,7]": 8.792062210969966,
    "T[0,8]": 1.9324200511850695,
    "T[0,9]": 12.489153134644557,
    "T[0,10]": 2.6432441527590336,
    "T[0,11]": 5.146196525163029,
    "T[0,12]": 6.334691667092532,
    "T[1,0]": 5.146196525163029,
    "T[1,1]": 5.146196525163029,
    "T[1,2]": 10.938305958090755,
    "T[1,3]": 9.764196746348922,
    "T[1,4]": 10.894294505405984,
    "T[1,5]": 10.0120492257616,
    "T[1,6]": 6.768484056585841,
    "T[1,7]": 1.9324200511850695,
    "T[1,8]": 8.34445150296799,
    "T[1,9]": 5.363125140418224,
    "T[1,10]": 11.0219808350637,
    "T[1,11]": 1.9324200511850695,
    "T[1,12]": 3.244230630176597
  },
  "level": {
    "l[51,0]": 10.0,
    "l[17,0]": 5.0,
    "l[24,0]": 3.0,
    "l[25,0]": 4.0,
    "l[26,0]": 6.0,
    "l[29,0]": 9.0,
    "l[36,0]": 7.0,
    "l[42,0]": 2.0,
    "l[45,0]": 8.0,
    "l[50,0]": 1.0,
    "l[51,1]": 11.0,
    "l[5,1]": 2.0,
    "l[6,1]": 7.0,
    "l[7,1]": 5.0,
    "l[11,1]": 8.0,
    "l[28,1]": 9.0,
    "l[31,1]": 1.0,
    "l[33,1]": 6.0,
    "l[35,1]": 10.0,
    "l[43,1]": 4.0,
    "l[46,1]": 3.0,
    "l[51,0,0]": 3.0,
    "l[41,0,0]": 1.0,
    "l[48,0,0]": 2.0,
    "l[51,0,1]": 3.0,
    "l[10,0,1]": 1.0,
    "l[40,0,1]": 2.0,
    "l[51,0,2]": 2.0,
    "l[8,0,2]": 1.0,
    "l[51,0,3]": 4.0,
    "l[8,0,3]": 3.0,
    "l[41,0,3]": 1.0,
    "l[49,0,3]": 2.0,
    "l[51,0,4]": 3.0,
    "l[37,0,4]": 1.0,
    "l[48,0,4]": 2.0,
    "l[51,0,5]": 2.0,
    "l[8,0,5]": 1.0,
    "l[51,0,6]": 3.0,
    "l[38,0,6]": 2.0,
    "l[44,0,6]": 1.0,
    "l[51,0,7]": 3.0,
    "l[10,0,7]": 2.0,
    "l[21,0,7]": 1.0,
    "l[51,0,8]": 2.0,
    "l[8,0,8]": 1.0,
    "l[51,0,9]": 4.0,
    "l[34,0,9]": 2.0,
    "l[43,0,9]": 1.0,
    "l[44,0,9]": 3.0,
    "l[51,0,10]": 2.0,
    "l[41,0,10]": 1.0,
    "l[51,0,11]": 2.0,
    "l[32,0,11]": 1.0,
    "l[51,0,12]": 2.0,
    "l[43,0,12]": 1.0,
    "l[51,1,0]": 2.0,
    "l[32,1,0]": 1.0,
    "l[51,1,1]": 2.0,
    "l[32,1,1]": 1.0,
    "l[51,1,2]": 3.0,
    "l[21,1,2]": 2.0,
    "l[28,1,2]": 1.0,
    "l[51,1,3]": 4.0,
    "l[10,1,3]": 3.0,
    "l[30,1,3]": 2.0,
    "l[47,1,3]": 1.0,
    "l[51,1,4]": 4.0,
    "l[10,1,4]": 1.0,
    "l[27,1,4]": 3.0,
    "l[47,1,4]": 2.0,
    "l[51,1,5]": 3.0,
    "l[12,1,5]": 1.0,
    "l[20,1,5]": 2.0,
    "l[51,1,6]": 2.0,
    "l[2,1,6]": 1.0,
    "l[51,1,7]": 2.0,
    "l[8,1,7]": 1.0,
    "l[51,1,8]": 2.0,
    "l[20,1,8]": 1.0,
    "l[51,1,9]": 3.0,
    "l[1,1,9]": 1.0,
    "l[8,1,9]": 2.0,
    "l[51,1,10]": 4.0,
    "l[10,1,10]": 1.0,
    "l[13,1,10]": 3.0,
    "l[22,1,10]": 2.0,
    "l[51,1,11]": 2.0,
    "l[8,1,11]": 1.0,
    "l[51,1,12]": 2.0,
    "l[22,1,12]": 1.0
  }
}