{
  "data_set": "20.20.3",
  "status": "FEASIBLE",
  "Optimal": -1070.4500000000007,
  "num_constraint": 18188,
  "Number of variables": 17965,
  "solve_time": 18131.225371599197,
  "truck_cost": 230,
  "drone_cost": 25,
  "obj_value": -1070.4500000000007,
  "return value": 28675.0,
  "truck_fee": 26689.2,
  "drone_fee": 3056.25,
  "Lw": 130,
  "Ld": 30,
  "truck_velocity": 0.5,
  "drone_velocity": 1.0,
  "truck_capacity": 1500,
  "drone_capacity": 40,
  "num_truck": 1,
  "num_drone": 1,
  "minWeightPerVisit": 0,
  "truck": {
    "x[1,21,0]": 1.0,
    "x[2,10,0]": 1.0,
    "x[3,8,0]": 1.0,
    "x[5,13,0]": 1.0,
    "x[8,9,0]": 1.0,
    "x[9,12,0]": 1.0,
    "x[10,5,0]": 1.0,
    "x[12,1,0]": 1.0,
    "x[13,14,0]": 1.0,
    "x[14,15,0]": 1.0,
    "x[15,3,0]": 1.0,
    "x[0,2,0]": 1.0
  },
  "drone": {
    "y[16,21,0,0]": 1.0,
    "y[0,16,0,0]": 1.0,
    "y[20,21,0,1]": 1.0,
    "y[0,20,0,1]": 1.0,
    "y[16,20,0,2]": 1.0,
    "y[20,21,0,2]": 1.0,
    "y[0,16,0,2]": 1.0,
    "y[16,21,0,3]": 1.0,
    "y[0,16,0,3]": 1.0,
    "y[16,21,0,4]": 1.0,
    "y[0,16,0,4]": 1.0,
    "y[20,21,0,5]": 1.0,
    "y[0,20,0,5]": 1.0,
    "y[20,21,0,6]": 1.0,
    "y[0,20,0,6]": 1.0,
    "y[18,21,0,7]": 1.0,
    "y[0,18,0,7]": 1.0
  },
  "cusWeight": {
    "m[1]": 50.0,
    "m[2]": 225.0,
    "m[3]": 225.0,
    "m[5]": 25.0,
    "m[8]": 75.0,
    "m[9]": 225.0,
    "m[10]": 50.0,
    "m[12]": 225.0,
    "m[13]": 225.0,
    "m[14]": 125.0,
    "m[15]": 50.0,
    "m[16]": 155.0,
    "m[18]": 25.0,
    "m[20]": 125.0
  },
  "cusWeightByDrone": {
    "m[16,0,0]": 40.0,
    "m[16,0,2]": 35.0,
    "m[16,0,3]": 40.0,
    "m[16,0,4]": 40.0,
    "m[18,0,7]": 25.0,
    "m[20,0,1]": 40.0,
    "m[20,0,2]": 5.0,
    "m[20,0,5]": 40.0,
    "m[20,0,6]": 40.0
  },
  "cusWeightByTruck": {
    "m[1,0]": 50.0,
    "m[2,0]": 225.0,
    "m[3,0]": 225.0,
    "m[5,0]": 25.0,
    "m[8,0]": 75.0,
    "m[9,0]": 225.0,
    "m[10,0]": 50.0,
    "m[12,0]": 225.0,
    "m[13,0]": 225.0,
    "m[14,0]": 125.0,
    "m[15,0]": 50.0
  },
  "tripDroneTime": {
    "T[0,0]": 13.179999999999998,
    "T[0,1]": 19.199999999999996,
    "T[0,2]": 20.35,
    "T[0,3]": 13.179999999999998,
    "T[0,4]": 13.179999999999998,
    "T[0,5]": 19.199999999999996,
    "T[0,6]": 19.199999999999996,
    "T[0,7]": 4.76
  },
  "level": {
    "l[21,0]": 12.0,
    "l[1,0]": 11.0,
    "l[2,0]": 1.0,
    "l[3,0]": 7.0,
    "l[5,0]": 3.0,
    "l[8,0]": 8.0,
    "l[9,0]": 9.0,
    "l[10,0]": 2.0,
    "l[12,0]": 10.0,
    "l[13,0]": 4.0,
    "l[14,0]": 5.0,
    "l[15,0]": 6.0,
    "l[21,0,0]": 2.0,
    "l[16,0,0]": 1.0,
    "l[21,0,1]": 2.0,
    "l[20,0,1]": 1.0,
    "l[21,0,2]": 3.0,
    "l[16,0,2]": 1.0,
    "l[20,0,2]": 2.0,
    "l[21,0,3]": 2.0,
    "l[16,0,3]": 1.0,
    "l[21,0,4]": 2.0,
    "l[16,0,4]": 1.0,
    "l[21,0,5]": 2.0,
    "l[20,0,5]": 1.0,
    "l[21,0,6]": 2.0,
    "l[20,0,6]": 1.0,
    "l[21,0,7]": 2.0,
    "l[18,0,7]": 1.0
  }
}