{
  "data_set": "20.10.3",
  "status": "FEASIBLE",
  "Optimal": 25575.0,
  "num_constraint": 14268,
  "Number of variables": 14085,
  "solve_time": 18084.12028837204,
  "truck_cost": 0,
  "drone_cost": 0,
  "obj_value": 25575.0,
  "return value": 25575.0,
  "truck_fee": 0.0,
  "drone_fee": 0.0,
  "Lw": 70,
  "Ld": 30,
  "truck_velocity": 0.5,
  "drone_velocity": 1.0,
  "truck_capacity": 1500,
  "drone_capacity": 40,
  "num_truck": 1,
  "num_drone": 1,
  "minWeightPerVisit": 0,
  "truck": {
    "x[2,17,0]": 1.0,
    "x[3,12,0]": 1.0,
    "x[5,2,0]": 1.0,
    "x[7,19,0]": 1.0,
    "x[9,7,0]": 1.0,
    "x[11,9,0]": 1.0,
    "x[12,21,0]": 1.0,
    "x[14,18,0]": 1.0,
    "x[17,3,0]": 1.0,
    "x[18,5,0]": 1.0,
    "x[19,14,0]": 1.0,
    "x[0,11,0]": 1.0
  },
  "drone": {
    "y[19,21,0,0]": 1.0,
    "y[0,19,0,0]": 1.0,
    "y[15,21,0,1]": 1.0,
    "y[0,15,0,1]": 1.0,
    "y[1,20,0,2]": 1.0,
    "y[8,21,0,2]": 1.0,
    "y[15,1,0,2]": 1.0,
    "y[20,8,0,2]": 1.0,
    "y[0,15,0,2]": 1.0,
    "y[4,21,0,3]": 1.0,
    "y[0,4,0,3]": 1.0,
    "y[8,21,0,4]": 1.0,
    "y[0,8,0,4]": 1.0,
    "y[10,16,0,5]": 1.0,
    "y[16,21,0,5]": 1.0,
    "y[0,10,0,5]": 1.0,
    "y[4,21,0,6]": 1.0,
    "y[0,4,0,6]": 1.0,
    "y[8,21,0,7]": 1.0,
    "y[0,8,0,7]": 1.0,
    "y[10,21,0,8]": 1.0,
    "y[0,10,0,8]": 1.0,
    "y[7,21,0,9]": 1.0,
    "y[0,7,0,9]": 1.0,
    "y[1,15,0,10]": 1.0,
    "y[15,21,0,10]": 1.0,
    "y[0,1,0,10]": 1.0
  },
  "cusWeight": {
    "m[1]": 25.0,
    "m[2]": 200.0,
    "m[3]": 200.0,
    "m[4]": 50.0,
    "m[5]": 200.0,
    "m[7]": 200.0,
    "m[8]": 100.0,
    "m[9]": 200.0,
    "m[10]": 50.0,
    "m[11]": 50.0,
    "m[12]": 5.0,
    "m[14]": 200.0,
    "m[15]": 25.0,
    "m[16]": 30.0,
    "m[17]": 25.0,
    "m[18]": 200.0,
    "m[19]": 100.0,
    "m[20]": 20.0
  },
  "cusWeightByDrone": {
    "m[1,0,10]": 25.0,
    "m[4,0,3]": 40.0,
    "m[4,0,6]": 10.0,
    "m[7,0,9]": 40.0,
    "m[8,0,2]": 20.0,
    "m[8,0,4]": 40.0,
    "m[8,0,7]": 40.0,
    "m[10,0,5]": 10.0,
    "m[10,0,8]": 40.0,
    "m[15,0,1]": 25.0,
    "m[16,0,5]": 30.0,
    "m[19,0,0]": 40.0,
    "m[20,0,2]": 20.0
  },
  "cusWeightByTruck": {
    "m[2,0]": 200.0,
    "m[3,0]": 200.0,
    "m[5,0]": 200.0,
    "m[7,0]": 160.0,
    "m[9,0]": 200.0,
    "m[11,0]": 50.0,
    "m[12,0]": 5.0,
    "m[14,0]": 200.0,
    "m[17,0]": 25.0,
    "m[18,0]": 200.0,
    "m[19,0]": 60.0
  },
  "tripDroneTime": {
    "T[0,0]": 8.14,
    "T[0,1]": 2.18,
    "T[0,2]": 9.36,
    "T[0,3]": 2.8200000000000003,
    "T[0,4]": 8.38,
    "T[0,5]": 7.91,
    "T[0,6]": 2.8200000000000003,
    "T[0,7]": 8.38,
    "T[0,8]": 7.38,
    "T[0,9]": 7.26,
    "T[0,10]": 5.34
  },
  "level": {
    "l[21,0]": 12.0,
    "l[2,0]": 8.0,
    "l[3,0]": 10.0,
    "l[5,0]": 7.0,
    "l[7,0]": 3.0,
    "l[9,0]": 2.0,
    "l[11,0]": 1.0,
    "l[12,0]": 11.0,
    "l[14,0]": 5.0,
    "l[17,0]": 9.0,
    "l[18,0]": 6.0,
    "l[19,0]": 4.0,
    "l[21,0,0]": 2.0,
    "l[19,0,0]": 1.0,
    "l[21,0,1]": 2.0,
    "l[15,0,1]": 1.0,
    "l[21,0,2]": 5.0,
    "l[1,0,2]": 2.0,
    "l[8,0,2]": 4.0,
    "l[15,0,2]": 1.0,
    "l[20,0,2]": 3.0,
    "l[21,0,3]": 2.0,
    "l[4,0,3]": 1.0,
    "l[21,0,4]": 2.0,
    "l[8,0,4]": 1.0,
    "l[21,0,5]": 3.0,
    "l[10,0,5]": 1.0,
    "l[16,0,5]": 2.0,
    "l[21,0,6]": 2.0,
    "l[4,0,6]": 1.0,
    "l[21,0,7]": 2.0,
    "l[8,0,7]": 1.0,
    "l[21,0,8]": 2.0,
    "l[10,0,8]": 1.0,
    "l[21,0,9]": 2.0,
    "l[7,0,9]": 1.0,
    "l[21,0,10]": 3.0,
    "l[1,0,10]": 1.0,
    "l[15,0,10]": 2.0
  }
}