{
  "data_set": "20.20.2",
  "status": "FEASIBLE",
  "Optimal": -1874.949999999999,
  "num_constraint": 10838,
  "Number of variables": 10690,
  "solve_time": 18520.859950065613,
  "truck_cost": 230,
  "drone_cost": 25,
  "obj_value": -1874.9500000000007,
  "return value": 22375.0,
  "truck_fee": 21376.2,
  "drone_fee": 2873.75,
  "Lw": 130,
  "Ld": 30,
  "truck_velocity": 0.5,
  "drone_velocity": 1.0,
  "truck_capacity": 1500,
  "drone_capacity": 40,
  "num_truck": 1,
  "num_drone": 1,
  "minWeightPerVisit": 0,
  "truck": {
    "x[3,11,0]": 1.0,
    "x[5,3,0]": 1.0,
    "x[7,14,0]": 1.0,
    "x[9,13,0]": 1.0,
    "x[10,21,0]": 1.0,
    "x[11,7,0]": 1.0,
    "x[13,15,0]": 1.0,
    "x[14,9,0]": 1.0,
    "x[15,10,0]": 1.0,
    "x[0,5,0]": 1.0
  },
  "drone": {
    "y[8,21,0,0]": 1.0,
    "y[20,8,0,0]": 1.0,
    "y[0,20,0,0]": 1.0,
    "y[1,21,0,1]": 1.0,
    "y[0,1,0,1]": 1.0,
    "y[2,21,0,2]": 1.0,
    "y[0,2,0,2]": 1.0,
    "y[2,21,0,3]": 1.0,
    "y[19,2,0,3]": 1.0,
    "y[0,19,0,3]": 1.0,
    "y[4,8,0,4]": 1.0,
    "y[8,12,0,4]": 1.0,
    "y[12,21,0,4]": 1.0,
    "y[0,4,0,4]": 1.0,
    "y[19,21,0,5]": 1.0,
    "y[0,19,0,5]": 1.0,
    "y[19,21,0,6]": 1.0,
    "y[0,19,0,6]": 1.0,
    "y[12,21,0,7]": 1.0,
    "y[0,12,0,7]": 1.0,
    "y[17,21,0,8]": 1.0,
    "y[20,17,0,8]": 1.0,
    "y[0,20,0,8]": 1.0,
    "y[4,21,0,9]": 1.0,
    "y[19,4,0,9]": 1.0,
    "y[0,19,0,9]": 1.0,
    "y[12,17,0,10]": 1.0,
    "y[17,21,0,10]": 1.0,
    "y[0,12,0,10]": 1.0,
    "y[19,21,0,11]": 1.0,
    "y[0,19,0,11]": 1.0
  },
  "cusWeight": {
    "m[1]": 40.0,
    "m[2]": 80.0,
    "m[3]": 75.0,
    "m[4]": 25.0,
    "m[5]": 275.0,
    "m[7]": 200.0,
    "m[8]": 25.0,
    "m[9]": 275.0,
    "m[10]": 150.0,
    "m[11]": 50.0,
    "m[12]": 75.0,
    "m[13]": 125.0,
    "m[14]": 275.0,
    "m[15]": 75.0,
    "m[17]": 24.999999999999993,
    "m[19]": 125.0,
    "m[20]": 75.0
  },
  "cusWeightByDrone": {
    "m[1,0,1]": 40.0,
    "m[2,0,2]": 40.0,
    "m[2,0,3]": 40.0,
    "m[4,0,9]": 25.0,
    "m[8,0,4]": 25.0,
    "m[12,0,4]": 15.0,
    "m[12,0,7]": 39.999999999999986,
    "m[12,0,10]": 20.000000000000007,
    "m[17,0,8]": 5.0,
    "m[17,0,10]": 19.999999999999993,
    "m[19,0,5]": 30.0,
    "m[19,0,6]": 40.0,
    "m[19,0,9]": 15.0,
    "m[19,0,11]": 40.0,
    "m[20,0,0]": 40.0,
    "m[20,0,8]": 35.0
  },
  "cusWeightByTruck": {
    "m[3,0]": 75.0,
    "m[5,0]": 275.0,
    "m[7,0]": 200.0,
    "m[9,0]": 275.0,
    "m[10,0]": 150.0,
    "m[11,0]": 50.0,
    "m[13,0]": 125.0,
    "m[14,0]": 275.0,
    "m[15,0]": 75.0
  },
  "tripDroneTime": {
    "T[0,0]": 13.75,
    "T[0,1]": 11.48,
    "T[0,2]": 8.2,
    "T[0,3]": 8.25,
    "T[0,4]": 17.03,
    "T[0,5]": 2.84,
    "T[0,6]": 2.84,
    "T[0,7]": 15.1,
    "T[0,8]": 14.059999999999999,
    "T[0,9]": 3.44,
    "T[0,10]": 15.12,
    "T[0,11]": 2.84
  },
  "level": {
    "l[21,0]": 10.0,
    "l[3,0]": 2.0,
    "l[5,0]": 1.0,
    "l[7,0]": 4.0,
    "l[9,0]": 6.0,
    "l[10,0]": 9.0,
    "l[11,0]": 3.0,
    "l[13,0]": 7.0,
    "l[14,0]": 5.0,
    "l[15,0]": 8.0,
    "l[21,0,0]": 3.0,
    "l[8,0,0]": 2.0,
    "l[20,0,0]": 1.0,
    "l[21,0,1]": 2.0,
    "l[1,0,1]": 1.0,
    "l[21,0,2]": 2.0,
    "l[2,0,2]": 1.0,
    "l[21,0,3]": 3.0,
    "l[2,0,3]": 2.0,
    "l[19,0,3]": 1.0,
    "l[21,0,4]": 4.0,
    "l[4,0,4]": 1.0,
    "l[8,0,4]": 2.0,
    "l[12,0,4]": 3.0,
    "l[21,0,5]": 2.0,
    "l[19,0,5]": 1.0,
    "l[21,0,6]": 2.0,
    "l[19,0,6]": 1.0,
    "l[21,0,7]": 2.0,
    "l[12,0,7]": 1.0,
    "l[21,0,8]": 3.0,
    "l[17,0,8]": 2.0,
    "l[20,0,8]": 1.0,
    "l[21,0,9]": 3.0,
    "l[4,0,9]": 2.0,
    "l[19,0,9]": 1.0,
    "l[21,0,10]": 3.0,
    "l[12,0,10]": 1.0,
    "l[17,0,10]": 2.0,
    "l[21,0,11]": 2.0,
    "l[19,0,11]": 1.0
  }
}