{
  "data_set": "20.5.3",
  "status": "FEASIBLE",
  "Optimal": 18737.899999999983,
  "num_constraint": 5448,
  "Number of variables": 5355,
  "solve_time": 18346.088397026062,
  "truck_cost": 230,
  "drone_cost": 25,
  "obj_value": 18737.9,
  "return value": 25925.0,
  "truck_fee": 6513.6,
  "drone_fee": 673.5,
  "Lw": 40,
  "Ld": 30,
  "truck_velocity": 0.5,
  "drone_velocity": 1.0,
  "truck_capacity": 1500,
  "drone_capacity": 40,
  "num_truck": 1,
  "num_drone": 1,
  "minWeightPerVisit": 0,
  "truck": {
    "x[3,6,0]": 1.0,
    "x[6,12,0]": 1.0,
    "x[7,14,0]": 1.0,
    "x[8,3,0]": 1.0,
    "x[9,8,0]": 1.0,
    "x[11,13,0]": 1.0,
    "x[12,11,0]": 1.0,
    "x[13,17,0]": 1.0,
    "x[14,21,0]": 1.0,
    "x[17,7,0]": 1.0,
    "x[0,9,0]": 1.0
  },
  "drone": {
    "y[6,16,0,0]": 1.0,
    "y[16,21,0,0]": 1.0,
    "y[0,6,0,0]": 1.0,
    "y[6,21,0,1]": 1.0,
    "y[0,6,0,1]": 1.0,
    "y[6,21,0,2]": 1.0,
    "y[0,6,0,2]": 1.0,
    "y[6,21,0,3]": 1.0,
    "y[0,6,0,3]": 1.0,
    "y[1,11,0,4]": 1.1455229019103576e-13,
    "y[1,18,0,4]": 1.0,
    "y[1,21,0,4]": 5.129612569627131e-13,
    "y[4,1,0,4]": 1.1455229019103576e-13,
    "y[10,20,0,4]": 5.129612569627131e-13,
    "y[11,16,0,4]": 1.8396888721477373e-13,
    "y[12,4,0,4]": 1.1455229019103576e-13,
    "y[14,7,0,4]": 3.289923697479394e-13,
    "y[16,13,0,4]": 1.8396888721477373e-13,
    "y[18,21,0,4]": 1.0,
    "y[19,21,0,4]": 1.145522901910358e-13,
    "y[20,10,0,4]": 3.289923697479394e-13,
    "y[0,1,0,4]": 1.0,
    "y[10,20,0,5]": 1.0,
    "y[20,21,0,5]": 1.0,
    "y[0,10,0,5]": 1.0,
    "y[19,21,0,6]": 1.0,
    "y[0,19,0,6]": 1.0,
    "y[19,21,0,7]": 1.0,
    "y[0,19,0,7]": 1.0,
    "y[6,21,0,8]": 1.0,
    "y[18,6,0,8]": 1.0,
    "y[0,18,0,8]": 1.0,
    "y[6,21,0,9]": 1.0,
    "y[0,6,0,9]": 1.0
  },
  "cusWeight": {
    "m[1]": 25.0,
    "m[3]": 175.0,
    "m[6]": 305.0,
    "m[7]": 350.0,
    "m[8]": 75.0,
    "m[9]": 75.0,
    "m[10]": 25.0,
    "m[11]": 75.0,
    "m[12]": 150.0,
    "m[13]": 350.0,
    "m[14]": 75.0,
    "m[16]": 25.0,
    "m[17]": 75.0,
    "m[18]": 25.0,
    "m[19]": 75.0,
    "m[20]": 15.0
  },
  "cusWeightByDrone": {
    "m[1,0,4]": 25.0,
    "m[6,0,0]": 15.0,
    "m[6,0,1]": 40.0,
    "m[6,0,2]": 40.0,
    "m[6,0,3]": 40.0,
    "m[6,0,8]": 30.0,
    "m[6,0,9]": 40.0,
    "m[10,0,5]": 25.0,
    "m[16,0,0]": 25.0,
    "m[18,0,4]": 15.0,
    "m[18,0,8]": 10.0,
    "m[19,0,6]": 40.0,
    "m[19,0,7]": 35.0,
    "m[20,0,5]": 15.0
  },
  "cusWeightByTruck": {
    "m[3,0]": 175.0,
    "m[6,0]": 100.0,
    "m[7,0]": 350.0,
    "m[8,0]": 75.0,
    "m[9,0]": 75.0,
    "m[11,0]": 75.0,
    "m[12,0]": 150.0,
    "m[13,0]": 350.0,
    "m[14,0]": 75.0,
    "m[17,0]": 75.0
  },
  "tripDroneTime": {
    "T[0,0]": 3.26,
    "T[0,1]": 1.98,
    "T[0,2]": 1.98,
    "T[0,3]": 1.98,
    "T[0,4]": 3.1800000000008932,
    "T[0,5]": 6.0600000000000005,
    "T[0,6]": 2.26,
    "T[0,7]": 2.26,
    "T[0,8]": 2.0,
    "T[0,9]": 1.98
  },
  "level": {
    "l[21,0]": 11.0,
    "l[3,0]": 3.0,
    "l[6,0]": 4.0,
    "l[7,0]": 9.0,
    "l[8,0]": 2.0,
    "l[9,0]": 1.0,
    "l[11,0]": 6.0,
    "l[12,0]": 5.0,
    "l[13,0]": 7.0,
    "l[14,0]": 10.0,
    "l[17,0]": 8.0,
    "l[21,0,0]": 3.0,
    "l[6,0,0]": 1.0,
    "l[16,0,0]": 2.0,
    "l[21,0,1]": 2.0,
    "l[6,0,1]": 1.0,
    "l[21,0,2]": 2.0,
    "l[6,0,2]": 1.0,
    "l[21,0,3]": 2.0,
    "l[6,0,3]": 1.0,
    "l[21,0,4]": 3.0,
    "l[1,0,4]": 1.0,
    "l[10,0,4]": 3.289923697479394e-13,
    "l[18,0,4]": 2.0,
    "l[21,0,5]": 3.0,
    "l[10,0,5]": 1.0,
    "l[20,0,5]": 2.0,
    "l[21,0,6]": 2.0,
    "l[19,0,6]": 1.0,
    "l[21,0,7]": 2.0,
    "l[19,0,7]": 1.0,
    "l[21,0,8]": 3.0,
    "l[6,0,8]": 2.0,
    "l[18,0,8]": 1.0,
    "l[21,0,9]": 2.0,
    "l[6,0,9]": 1.0
  }
}