{
  "data_set": "20.5.4",
  "status": "FEASIBLE",
  "Optimal": 18439.2,
  "num_constraint": 3488,
  "Number of variables": 3415,
  "solve_time": 18019.875997543335,
  "truck_cost": 230,
  "drone_cost": 25,
  "obj_value": 18439.2,
  "return value": 22925.0,
  "truck_fee": 3785.7999999999997,
  "drone_fee": 700.0,
  "Lw": 40,
  "Ld": 30,
  "truck_velocity": 0.5,
  "drone_velocity": 1.0,
  "truck_capacity": 1500,
  "drone_capacity": 40,
  "num_truck": 1,
  "num_drone": 1,
  "minWeightPerVisit": 0,
  "truck": {
    "x[1,18,0]": 1.0,
    "x[4,20,0]": 1.0,
    "x[9,4,0]": 1.0,
    "x[10,21,0]": 1.0,
    "x[14,9,0]": 1.0,
    "x[15,14,0]": 1.0,
    "x[18,10,0]": 1.0,
    "x[20,1,0]": 1.0,
    "x[0,15,0]": 1.0
  },
  "drone": {
    "y[8,17,0,0]": 1.0,
    "y[17,21,0,0]": 1.0,
    "y[0,8,0,0]": 1.0,
    "y[13,21,0,1]": 1.0,
    "y[0,13,0,1]": 1.0,
    "y[6,21,0,2]": 1.0,
    "y[11,6,0,2]": 1.0,
    "y[0,11,0,2]": 1.0,
    "y[7,11,0,3]": 1.0,
    "y[8,7,0,3]": 1.0,
    "y[11,21,0,3]": 1.0,
    "y[0,8,0,3]": 1.0,
    "y[8,19,0,4]": 1.0,
    "y[19,21,0,4]": 1.0,
    "y[0,8,0,4]": 1.0,
    "y[1,13,0,5]": 1.0,
    "y[12,21,0,5]": 1.0,
    "y[13,12,0,5]": 1.0,
    "y[0,1,0,5]": 1.0
  },
  "cusWeight": {
    "m[1]": 25.0,
    "m[4]": 55.000000000000014,
    "m[6]": 25.0,
    "m[7]": 25.0,
    "m[8]": 25.0,
    "m[9]": 250.0,
    "m[10]": 150.0,
    "m[11]": 25.0,
    "m[12]": 25.0,
    "m[13]": 50.0,
    "m[14]": 325.0,
    "m[15]": 250.0,
    "m[17]": 25.0,
    "m[18]": 125.0,
    "m[19]": 35.00000000000001,
    "m[20]": 325.0
  },
  "cusWeightByDrone": {
    "m[1,0,5]": 5.000000000000018,
    "m[6,0,2]": 25.0,
    "m[7,0,3]": 25.0,
    "m[8,0,0]": 15.000000000000007,
    "m[8,0,3]": 5.0,
    "m[8,0,4]": 4.999999999999993,
    "m[11,0,2]": 15.0,
    "m[11,0,3]": 10.0,
    "m[12,0,5]": 25.0,
    "m[13,0,1]": 40.0,
    "m[13,0,5]": 9.999999999999979,
    "m[17,0,0]": 24.999999999999996,
    "m[19,0,4]": 35.00000000000001
  },
  "cusWeightByTruck": {
    "m[1,0]": 19.999999999999982,
    "m[4,0]": 55.000000000000014,
    "m[9,0]": 250.0,
    "m[10,0]": 150.0,
    "m[14,0]": 325.0,
    "m[15,0]": 250.0,
    "m[18,0]": 125.0,
    "m[20,0]": 325.0
  },
  "tripDroneTime": {
    "T[0,0]": 1.87,
    "T[0,1]": 4.82,
    "T[0,2]": 5.039999999999999,
    "T[0,3]": 5.209999999999999,
    "T[0,4]": 6.14,
    "T[0,5]": 4.920000000000001
  },
  "level": {
    "l[21,0]": 9.0,
    "l[1,0]": 6.0,
    "l[4,0]": 4.0,
    "l[9,0]": 3.0,
    "l[10,0]": 8.0,
    "l[14,0]": 2.0,
    "l[15,0]": 1.0,
    "l[18,0]": 7.0,
    "l[20,0]": 5.0,
    "l[21,0,0]": 3.0,
    "l[8,0,0]": 1.0,
    "l[17,0,0]": 2.0,
    "l[21,0,1]": 2.0,
    "l[13,0,1]": 1.0,
    "l[21,0,2]": 3.0,
    "l[6,0,2]": 2.0,
    "l[11,0,2]": 1.0,
    "l[21,0,3]": 4.0,
    "l[7,0,3]": 2.0,
    "l[8,0,3]": 1.0,
    "l[11,0,3]": 3.0,
    "l[21,0,4]": 3.0,
    "l[8,0,4]": 1.0,
    "l[19,0,4]": 2.0,
    "l[21,0,5]": 4.0,
    "l[1,0,5]": 1.0,
    "l[12,0,5]": 3.0,
    "l[13,0,5]": 2.0
  }
}