{
  "data_set": "20.10.1",
  "status": "FEASIBLE",
  "Optimal": 30620.969091513663,
  "num_constraint": 14758,
  "Number of variables": 14570,
  "solve_time": 36147.67850756645,
  "obj_value": 30620.969091513663,
  "return value": 30775.0,
  "truck_fee": 136.73093425662378,
  "drone_fee": 17.299974229715065,
  "Lw": 70,
  "Ld": 30,
  "truck_velocity": 0.666666667,
  "drone_velocity": 1.0,
  "truck_capacity": 1500,
  "drone_capacity": 40,
  "num_truck": 1,
  "num_drone": 1,
  "minWeightPerVisit": 0,
  "truck": {
    "x[1,14,0]": 1.0,
    "x[4,6,0]": 1.0,
    "x[5,21,0]": 1.0,
    "x[6,9,0]": 1.0,
    "x[7,16,0]": 1.0,
    "x[8,4,0]": 1.0,
    "x[9,5,0]": 1.0,
    "x[11,1,0]": 1.0,
    "x[12,18,0]": 1.0,
    "x[13,17,0]": 1.0,
    "x[14,8,0]": 1.0,
    "x[15,13,0]": 1.0,
    "x[16,19,0]": 1.0,
    "x[17,12,0]": 1.0,
    "x[18,7,0]": 1.0,
    "x[19,11,0]": 1.0,
    "x[0,15,0]": 1.0
  },
  "drone": {
    "y[20,21,0,0]": 1.0,
    "y[0,20,0,0]": 1.0,
    "y[3,11,0,1]": 1.0,
    "y[11,21,0,1]": 1.0,
    "y[0,3,0,1]": 1.0,
    "y[4,21,0,2]": 1.0,
    "y[0,4,0,2]": 1.0,
    "y[20,21,0,3]": 1.0,
    "y[0,20,0,3]": 1.0,
    "y[2,21,0,4]": 1.0,
    "y[0,2,0,4]": 1.0,
    "y[2,21,0,5]": 1.0,
    "y[0,2,0,5]": 1.0,
    "y[2,21,0,6]": 1.0,
    "y[18,2,0,6]": 1.0,
    "y[0,18,0,6]": 1.0,
    "y[20,21,0,7]": 1.0,
    "y[0,20,0,7]": 1.0,
    "y[20,21,0,8]": 1.0,
    "y[0,20,0,8]": 1.0,
    "y[20,21,0,9]": 1.0,
    "y[0,20,0,9]": 1.0,
    "y[4,21,0,10]": 1.0,
    "y[0,4,0,10]": 1.0,
    "y[20,21,0,11]": 1.0,
    "y[0,20,0,11]": 1.0,
    "y[2,21,0,12]": 1.0,
    "y[0,2,0,12]": 1.0,
    "y[4,21,0,13]": 1.0,
    "y[0,4,0,13]": 1.0,
    "y[4,21,0,14]": 1.0,
    "y[0,4,0,14]": 1.0,
    "y[4,21,0,15]": 1.0,
    "y[0,4,0,15]": 1.0,
    "y[4,21,0,16]": 1.0,
    "y[0,4,0,16]": 1.0,
    "y[10,20,0,17]": 1.0,
    "y[20,21,0,17]": 1.0,
    "y[0,10,0,17]": 1.0
  },
  "cusWeight": {
    "m[1]": 50.0,
    "m[2]": 125.0,
    "m[3]": 25.0,
    "m[4]": 250.0,
    "m[5]": 25.0,
    "m[6]": 50.0,
    "m[7]": 125.0,
    "m[8]": 50.0,
    "m[9]": 250.0,
    "m[10]": 25.0,
    "m[11]": 250.0,
    "m[12]": 25.0,
    "m[13]": 250.0,
    "m[14]": 25.0,
    "m[15]": 50.0,
    "m[16]": 250.0,
    "m[17]": 25.0,
    "m[18]": 25.0,
    "m[19]": 80.0,
    "m[20]": 250.0
  },
  "cusWeightByDrone": {
    "m[2,0,4]": 40.0,
    "m[2,0,5]": 30.0,
    "m[2,0,6]": 15.0,
    "m[2,0,12]": 40.0,
    "m[3,0,1]": 25.0,
    "m[4,0,2]": 40.0,
    "m[4,0,10]": 40.0,
    "m[4,0,13]": 40.0,
    "m[4,0,14]": 40.0,
    "m[4,0,15]": 40.0,
    "m[4,0,16]": 40.0,
    "m[10,0,17]": 25.0,
    "m[11,0,1]": 15.0,
    "m[18,0,6]": 25.0,
    "m[20,0,0]": 40.0,
    "m[20,0,3]": 40.0,
    "m[20,0,7]": 40.0,
    "m[20,0,8]": 35.0,
    "m[20,0,9]": 40.0,
    "m[20,0,11]": 40.0,
    "m[20,0,17]": 15.0
  },
  "cusWeightByTruck": {
    "m[1,0]": 50.0,
    "m[4,0]": 10.0,
    "m[5,0]": 25.0,
    "m[6,0]": 50.0,
    "m[7,0]": 125.0,
    "m[8,0]": 50.0,
    "m[9,0]": 250.0,
    "m[11,0]": 235.0,
    "m[12,0]": 25.0,
    "m[13,0]": 250.0,
    "m[14,0]": 25.0,
    "m[15,0]": 50.0,
    "m[16,0]": 250.0,
    "m[17,0]": 25.0,
    "m[19,0]": 80.0
  },
  "tripDroneTime": {
    "T[0,0]": 1.5205295685030085,
    "T[0,1]": 9.732466258369207,
    "T[0,2]": 4.3411811458692835,
    "T[0,3]": 1.5205295685030085,
    "T[0,4]": 3.7187808911719893,
    "T[0,5]": 3.7187808911719893,
    "T[0,6]": 8.250980613279156,
    "T[0,7]": 1.5205295685030085,
    "T[0,8]": 1.5205295685030085,
    "T[0,9]": 1.5205295685030085,
    "T[0,10]": 4.3411811458692835,
    "T[0,11]": 1.5205295685030085,
    "T[0,12]": 3.7187808911719893,
    "T[0,13]": 4.3411811458692835,
    "T[0,14]": 4.3411811458692835,
    "T[0,15]": 4.3411811458692835,
    "T[0,16]": 4.3411811458692835,
    "T[0,17]": 4.889843087462166
  },
  "level": {
    "l[21,0]": 17.0,
    "l[1,0]": 10.0,
    "l[4,0]": 13.0,
    "l[5,0]": 16.0,
    "l[6,0]": 14.0,
    "l[7,0]": 6.0,
    "l[8,0]": 12.0,
    "l[9,0]": 15.0,
    "l[11,0]": 9.0,
    "l[12,0]": 4.0,
    "l[13,0]": 2.0,
    "l[14,0]": 11.0,
    "l[15,0]": 1.0,
    "l[16,0]": 7.0,
    "l[17,0]": 3.0,
    "l[18,0]": 5.0,
    "l[19,0]": 8.0,
    "l[21,0,0]": 2.0,
    "l[20,0,0]": 1.0,
    "l[21,0,1]": 3.0,
    "l[3,0,1]": 1.0,
    "l[11,0,1]": 2.0,
    "l[21,0,2]": 2.0,
    "l[4,0,2]": 1.0,
    "l[21,0,3]": 2.0,
    "l[20,0,3]": 1.0,
    "l[21,0,4]": 2.0,
    "l[2,0,4]": 1.0,
    "l[21,0,5]": 2.0,
    "l[2,0,5]": 1.0,
    "l[21,0,6]": 3.0,
    "l[2,0,6]": 2.0,
    "l[18,0,6]": 1.0,
    "l[21,0,7]": 2.0,
    "l[20,0,7]": 1.0,
    "l[21,0,8]": 2.0,
    "l[20,0,8]": 1.0,
    "l[21,0,9]": 2.0,
    "l[20,0,9]": 1.0,
    "l[21,0,10]": 2.0,
    "l[4,0,10]": 1.0,
    "l[21,0,11]": 2.0,
    "l[20,0,11]": 1.0,
    "l[21,0,12]": 2.0,
    "l[2,0,12]": 1.0,
    "l[21,0,13]": 2.0,
    "l[4,0,13]": 1.0,
    "l[21,0,14]": 2.0,
    "l[4,0,14]": 1.0,
    "l[21,0,15]": 2.0,
    "l[4,0,15]": 1.0,
    "l[21,0,16]": 2.0,
    "l[4,0,16]": 1.0,
    "l[20,0,16]": 1.0,
    "l[21,0,17]": 3.0,
    "l[10,0,17]": 1.0,
    "l[20,0,17]": 2.0
  }
}