{
  "data_set": "20.10.4",
  "status": "FEASIBLE",
  "Optimal": 4601.099999999999,
  "num_constraint": 11328,
  "Number of variables": 11175,
  "solve_time": 18193.32399868965,
  "truck_cost": 230,
  "drone_cost": 25,
  "obj_value": 4601.0999999999985,
  "return value": 19475.0,
  "truck_fee": 13473.400000000001,
  "drone_fee": 1400.5,
  "Lw": 70,
  "Ld": 30,
  "truck_velocity": 0.5,
  "drone_velocity": 1.0,
  "truck_capacity": 1500,
  "drone_capacity": 40,
  "num_truck": 1,
  "num_drone": 1,
  "minWeightPerVisit": 0,
  "truck": {
    "x[1,2,0]": 1.0,
    "x[2,14,0]": 1.0,
    "x[3,9,0]": 1.0,
    "x[5,1,0]": 1.0,
    "x[7,5,0]": 1.0,
    "x[9,17,0]": 1.0,
    "x[14,20,0]": 1.0,
    "x[17,18,0]": 1.0,
    "x[18,21,0]": 1.0,
    "x[20,3,0]": 1.0,
    "x[0,7,0]": 1.0
  },
  "drone": {
    "y[7,21,0,0]": 1.0,
    "y[11,7,0,0]": 1.0,
    "y[13,11,0,0]": 1.0,
    "y[0,13,0,0]": 1.0,
    "y[16,21,0,1]": 1.0,
    "y[0,16,0,1]": 1.0,
    "y[7,21,0,2]": 1.0,
    "y[15,7,0,2]": 1.0,
    "y[0,15,0,2]": 1.0,
    "y[10,16,0,3]": 1.0,
    "y[16,21,0,3]": 1.0,
    "y[0,10,0,3]": 1.0,
    "y[4,13,0,4]": 1.0,
    "y[13,21,0,4]": 1.0,
    "y[0,4,0,4]": 1.0,
    "y[6,21,0,5]": 1.0,
    "y[0,6,0,5]": 1.0,
    "y[7,21,0,6]": 1.0,
    "y[0,7,0,6]": 1.0,
    "y[7,21,0,7]": 1.0,
    "y[0,7,0,7]": 1.0,
    "y[6,21,0,8]": 1.0,
    "y[0,6,0,8]": 1.0,
    "y[6,21,0,9]": 1.0,
    "y[0,6,0,9]": 1.0,
    "y[7,21,0,10]": 1.0,
    "y[0,7,0,10]": 1.0
  },
  "cusWeight": {
    "m[1]": 50.0,
    "m[2]": 75.0,
    "m[3]": 300.0,
    "m[4]": 25.0,
    "m[5]": 300.0,
    "m[6]": 120.0,
    "m[7]": 125.0,
    "m[9]": 75.0,
    "m[10]": 25.0,
    "m[11]": 25.0,
    "m[13]": 25.0,
    "m[14]": 75.0,
    "m[15]": 40.0,
    "m[16]": 55.0,
    "m[17]": 75.0,
    "m[18]": 300.0,
    "m[20]": 250.0
  },
  "cusWeightByDrone": {
    "m[4,0,4]": 25.0,
    "m[6,0,5]": 40.0,
    "m[6,0,8]": 40.0,
    "m[6,0,9]": 40.0,
    "m[7,0,0]": 5.0,
    "m[7,0,6]": 40.0,
    "m[7,0,7]": 40.0,
    "m[7,0,10]": 40.0,
    "m[10,0,3]": 25.0,
    "m[11,0,0]": 25.0,
    "m[13,0,0]": 10.0,
    "m[13,0,4]": 15.0,
    "m[15,0,2]": 40.0,
    "m[16,0,1]": 40.0,
    "m[16,0,3]": 15.0
  },
  "cusWeightByTruck": {
    "m[1,0]": 50.0,
    "m[2,0]": 75.0,
    "m[3,0]": 300.0,
    "m[5,0]": 300.0,
    "m[9,0]": 75.0,
    "m[14,0]": 75.0,
    "m[17,0]": 75.0,
    "m[18,0]": 300.0,
    "m[20,0]": 250.0
  },
  "tripDroneTime": {
    "T[0,0]": 5.46,
    "T[0,1]": 8.16,
    "T[0,2]": 8.16,
    "T[0,3]": 13.97,
    "T[0,4]": 7.369999999999999,
    "T[0,5]": 3.3200000000000003,
    "T[0,6]": 0.9800000000000004,
    "T[0,7]": 0.9800000000000004,
    "T[0,8]": 3.3200000000000003,
    "T[0,9]": 3.3200000000000003,
    "T[0,10]": 0.9800000000000004
  },
  "level": {
    "l[21,0]": 11.0,
    "l[1,0]": 3.0,
    "l[2,0]": 4.0,
    "l[3,0]": 7.0,
    "l[5,0]": 2.0,
    "l[7,0]": 1.0,
    "l[9,0]": 8.0,
    "l[14,0]": 5.0,
    "l[17,0]": 9.0,
    "l[18,0]": 10.0,
    "l[20,0]": 6.0,
    "l[21,0,0]": 4.0,
    "l[7,0,0]": 3.0,
    "l[11,0,0]": 2.0,
    "l[13,0,0]": 1.0,
    "l[21,0,1]": 2.0,
    "l[16,0,1]": 1.0,
    "l[21,0,2]": 3.0,
    "l[7,0,2]": 2.0,
    "l[15,0,2]": 1.0,
    "l[21,0,3]": 3.0,
    "l[10,0,3]": 1.0,
    "l[16,0,3]": 2.0,
    "l[21,0,4]": 3.0,
    "l[4,0,4]": 1.0,
    "l[13,0,4]": 2.0,
    "l[21,0,5]": 2.0,
    "l[6,0,5]": 1.0,
    "l[21,0,6]": 2.0,
    "l[7,0,6]": 1.0,
    "l[21,0,7]": 2.0,
    "l[7,0,7]": 1.0,
    "l[21,0,8]": 2.0,
    "l[6,0,8]": 1.0,
    "l[21,0,9]": 2.0,
    "l[6,0,9]": 1.0,
    "l[21,0,10]": 2.0,
    "l[7,0,10]": 1.0
  }
}