{
  "data_set": "20.5.2",
  "status": "FEASIBLE",
  "Optimal": 23701.300000000003,
  "num_constraint": 3978,
  "Number of variables": 3900,
  "solve_time": 18218.110872983932,
  "truck_cost": 230,
  "drone_cost": 25,
  "obj_value": 23701.3,
  "return value": 31175.0,
  "truck_fee": 6725.2,
  "drone_fee": 748.5,
  "Lw": 40,
  "Ld": 30,
  "truck_velocity": 0.5,
  "drone_velocity": 1.0,
  "truck_capacity": 1500,
  "drone_capacity": 40,
  "num_truck": 1,
  "num_drone": 1,
  "minWeightPerVisit": 0,
  "truck": {
    "x[4,21,0]": 1.0,
    "x[6,4,0]": 1.0,
    "x[8,9,0]": 1.0,
    "x[9,6,0]": 1.0,
    "x[10,16,0]": 1.0,
    "x[12,8,0]": 1.0,
    "x[15,12,0]": 1.0,
    "x[16,15,0]": 1.0,
    "x[0,10,0]": 1.0
  },
  "drone": {
    "y[11,21,0,0]": 1.0,
    "y[0,11,0,0]": 1.0,
    "y[16,18,0,1]": 1.0,
    "y[18,21,0,1]": 1.0,
    "y[0,16,0,1]": 1.0,
    "y[4,17,0,2]": 1.0,
    "y[17,21,0,2]": 1.0,
    "y[0,4,0,2]": 1.0,
    "y[4,20,0,3]": 1.0,
    "y[11,21,0,3]": 1.0,
    "y[20,11,0,3]": 1.0,
    "y[0,4,0,3]": 1.0,
    "y[1,21,0,4]": 1.0,
    "y[0,1,0,4]": 1.0,
    "y[1,21,0,5]": 1.0,
    "y[7,1,0,5]": 1.0,
    "y[0,7,0,5]": 1.0,
    "y[1,21,0,6]": 1.0,
    "y[0,1,0,6]": 1.0
  },
  "cusWeight": {
    "m[1]": 95.0,
    "m[4]": 250.0,
    "m[6]": 250.0,
    "m[7]": 25.0,
    "m[8]": 200.0,
    "m[9]": 125.0,
    "m[10]": 250.0,
    "m[11]": 50.0,
    "m[12]": 110.0,
    "m[15]": 100.0,
    "m[16]": 250.0,
    "m[17]": 25.0,
    "m[18]": 25.0,
    "m[20]": 25.0
  },
  "cusWeightByDrone": {
    "m[1,0,4]": 40.0,
    "m[1,0,5]": 15.0,
    "m[1,0,6]": 40.0,
    "m[4,0,2]": 15.0,
    "m[4,0,3]": 5.0,
    "m[7,0,5]": 25.0,
    "m[11,0,0]": 40.0,
    "m[11,0,3]": 10.0,
    "m[16,0,1]": 15.0,
    "m[17,0,2]": 25.0,
    "m[18,0,1]": 25.0,
    "m[20,0,3]": 25.0
  },
  "cusWeightByTruck": {
    "m[4,0]": 230.0,
    "m[6,0]": 250.0,
    "m[8,0]": 200.0,
    "m[9,0]": 125.0,
    "m[10,0]": 250.0,
    "m[12,0]": 110.0,
    "m[15,0]": 100.0,
    "m[16,0]": 235.0
  },
  "tripDroneTime": {
    "T[0,0]": 3.3599999999999994,
    "T[0,1]": 6.33,
    "T[0,2]": 4.2,
    "T[0,3]": 6.9399999999999995,
    "T[0,4]": 2.38,
    "T[0,5]": 4.3500000000000005,
    "T[0,6]": 2.38
  },
  "level": {
    "l[21,0]": 9.0,
    "l[4,0]": 8.0,
    "l[6,0]": 7.0,
    "l[8,0]": 5.0,
    "l[9,0]": 6.0,
    "l[10,0]": 1.0,
    "l[12,0]": 4.0,
    "l[15,0]": 3.0,
    "l[16,0]": 2.0,
    "l[21,0,0]": 2.0,
    "l[11,0,0]": 1.0,
    "l[21,0,1]": 3.0,
    "l[16,0,1]": 1.0,
    "l[18,0,1]": 2.0,
    "l[21,0,2]": 3.0,
    "l[4,0,2]": 1.0,
    "l[17,0,2]": 2.0,
    "l[21,0,3]": 4.0,
    "l[4,0,3]": 1.0,
    "l[11,0,3]": 3.0,
    "l[20,0,3]": 2.0,
    "l[21,0,4]": 2.0,
    "l[1,0,4]": 1.0,
    "l[21,0,5]": 3.0,
    "l[1,0,5]": 2.0,
    "l[7,0,5]": 1.0,
    "l[21,0,6]": 2.0,
    "l[1,0,6]": 1.0
  }
}