{
  "data_set": "20.5.1",
  "status": "FEASIBLE",
  "Optimal": 22247.05,
  "num_constraint": 4958,
  "Number of variables": 4870,
  "solve_time": 18289.181217432022,
  "truck_cost": 230,
  "drone_cost": 25,
  "obj_value": 22247.05,
  "return value": 29525.0,
  "truck_fee": 6311.200000000001,
  "drone_fee": 966.75,
  "Lw": 40,
  "Ld": 30,
  "truck_velocity": 0.5,
  "drone_velocity": 1.0,
  "truck_capacity": 1500,
  "drone_capacity": 40,
  "num_truck": 1,
  "num_drone": 1,
  "minWeightPerVisit": 0,
  "truck": {
    "x[1,9,0]": 1.0,
    "x[3,21,0]": 1.0,
    "x[4,5,0]": 1.0,
    "x[5,3,0]": 1.0,
    "x[8,17,0]": 1.0,
    "x[9,13,0]": 1.0,
    "x[10,1,0]": 1.0,
    "x[13,20,0]": 1.0,
    "x[17,4,0]": 1.0,
    "x[20,8,0]": 1.0,
    "x[0,10,0]": 1.0
  },
  "drone": {
    "y[15,21,0,0]": 1.0,
    "y[0,15,0,0]": 1.0,
    "y[15,16,0,1]": 1.0,
    "y[16,21,0,1]": 1.0,
    "y[0,15,0,1]": 1.0,
    "y[14,21,0,2]": 1.0,
    "y[0,14,0,2]": 1.0,
    "y[14,21,0,3]": 1.0,
    "y[0,14,0,3]": 1.0,
    "y[11,21,0,4]": 1.0,
    "y[0,11,0,4]": 1.0,
    "y[11,21,0,5]": 1.0,
    "y[0,11,0,5]": 1.0,
    "y[11,21,0,6]": 1.0,
    "y[18,11,0,6]": 1.0,
    "y[0,18,0,6]": 1.0,
    "y[14,21,0,7]": 1.0,
    "y[0,14,0,7]": 1.0,
    "y[11,21,0,8]": 1.0,
    "y[0,11,0,8]": 1.0
  },
  "cusWeight": {
    "m[1]": 275.0,
    "m[3]": 150.0,
    "m[4]": 150.0,
    "m[5]": 75.0,
    "m[8]": 275.0,
    "m[9]": 275.0,
    "m[10]": 125.0,
    "m[11]": 125.0,
    "m[13]": 75.0,
    "m[14]": 120.0,
    "m[15]": 55.0,
    "m[16]": 25.0,
    "m[17]": 75.0,
    "m[18]": 35.0,
    "m[20]": 25.0
  },
  "cusWeightByDrone": {
    "m[11,0,4]": 40.0,
    "m[11,0,5]": 40.0,
    "m[11,0,6]": 5.0,
    "m[11,0,8]": 40.0,
    "m[14,0,2]": 40.0,
    "m[14,0,3]": 40.0,
    "m[14,0,7]": 40.0,
    "m[15,0,0]": 40.0,
    "m[15,0,1]": 15.0,
    "m[16,0,1]": 25.0,
    "m[18,0,6]": 35.0
  },
  "cusWeightByTruck": {
    "m[1,0]": 275.0,
    "m[3,0]": 150.0,
    "m[4,0]": 150.0,
    "m[5,0]": 75.0,
    "m[8,0]": 275.0,
    "m[9,0]": 275.0,
    "m[10,0]": 125.0,
    "m[13,0]": 75.0,
    "m[17,0]": 75.0,
    "m[20,0]": 25.0
  },
  "tripDroneTime": {
    "T[0,0]": 3.8600000000000003,
    "T[0,1]": 4.08,
    "T[0,2]": 5.6,
    "T[0,3]": 5.6,
    "T[0,4]": 3.2400000000000007,
    "T[0,5]": 3.24,
    "T[0,6]": 4.210000000000001,
    "T[0,7]": 5.6,
    "T[0,8]": 3.24
  },
  "level": {
    "l[21,0]": 11.0,
    "l[1,0]": 2.0,
    "l[3,0]": 10.0,
    "l[4,0]": 8.0,
    "l[5,0]": 9.0,
    "l[8,0]": 6.0,
    "l[9,0]": 3.0,
    "l[10,0]": 1.0,
    "l[13,0]": 4.0,
    "l[17,0]": 7.0,
    "l[20,0]": 5.0,
    "l[21,0,0]": 2.0,
    "l[15,0,0]": 1.0,
    "l[21,0,1]": 3.0,
    "l[15,0,1]": 1.0,
    "l[16,0,1]": 2.0,
    "l[21,0,2]": 2.0,
    "l[14,0,2]": 1.0,
    "l[21,0,3]": 2.0,
    "l[14,0,3]": 1.0,
    "l[21,0,4]": 2.0,
    "l[11,0,4]": 1.0,
    "l[21,0,5]": 2.0,
    "l[11,0,5]": 1.0,
    "l[21,0,6]": 3.0,
    "l[11,0,6]": 2.0,
    "l[18,0,6]": 1.0,
    "l[21,0,7]": 2.0,
    "l[14,0,7]": 1.0,
    "l[21,0,8]": 2.0,
    "l[11,0,8]": 1.0
  }
}