{
  "data_set": "10.20.3",
  "status": "FEASIBLE",
  "Optimal": 28945.6536145149,
  "num_constraint": 6928,
  "Number of variables": 6680,
  "solve_time": 36039.23907518387,
  "obj_value": 28945.6536145149,
  "return value": 29125.0,
  "truck_fee": 155.3055134786862,
  "drone_fee": 24.040872006416794,
  "Lw": 100,
  "Ld": 30,
  "truck_velocity": 0.666666667,
  "drone_velocity": 1.0,
  "truck_capacity": 1500,
  "drone_capacity": 40,
  "num_truck": 1,
  "num_drone": 1,
  "minWeightPerVisit": 0,
  "truck": {
    "x[1,6,0]": 1.0,
    "x[3,9,0]": 1.0,
    "x[5,3,0]": 1.0,
    "x[6,5,0]": 1.0,
    "x[7,11,0]": 1.0,
    "x[9,7,0]": 1.0,
    "x[0,1,0]": 1.0
  },
  "drone": {
    "y[4,11,0,0]": 1.0,
    "y[10,4,0,0]": 1.0,
    "y[0,10,0,0]": 1.0,
    "y[8,11,0,1]": 1.0,
    "y[0,8,0,1]": 1.0,
    "y[6,11,0,2]": 1.0,
    "y[0,6,0,2]": 1.0,
    "y[2,11,0,3]": 1.0,
    "y[0,2,0,3]": 1.0,
    "y[2,11,0,4]": 1.0,
    "y[0,2,0,4]": 1.0,
    "y[8,11,0,5]": 1.0,
    "y[0,8,0,5]": 1.0,
    "y[2,11,0,6]": 1.0,
    "y[5,2,0,6]": 1.0,
    "y[0,5,0,6]": 1.0,
    "y[10,11,0,7]": 1.0,
    "y[0,10,0,7]": 1.0,
    "y[8,11,0,8]": 1.0,
    "y[0,8,0,8]": 1.0
  },
  "cusWeight": {
    "m[1]": 500.0,
    "m[2]": 100.0,
    "m[3]": 250.0,
    "m[4]": 25.0,
    "m[5]": 100.0,
    "m[6]": 500.0,
    "m[7]": 100.0,
    "m[8]": 100.0,
    "m[9]": 100.0,
    "m[10]": 50.0
  },
  "cusWeightByDrone": {
    "m[2,0,3]": 30.000000000000007,
    "m[2,0,4]": 39.99999999999999,
    "m[2,0,6]": 30.0,
    "m[4,0,0]": 25.0,
    "m[5,0,6]": 10.0,
    "m[6,0,2]": 40.0,
    "m[8,0,1]": 40.0,
    "m[8,0,5]": 40.0,
    "m[8,0,8]": 20.0,
    "m[10,0,0]": 10.0,
    "m[10,0,7]": 40.0
  },
  "cusWeightByTruck": {
    "m[1,0]": 500.0,
    "m[3,0]": 250.0,
    "m[5,0]": 90.0,
    "m[6,0]": 460.0,
    "m[7,0]": 100.0,
    "m[9,0]": 100.0
  },
  "tripDroneTime": {
    "T[0,0]": 14.630593616491366,
    "T[0,1]": 5.085981517262538,
    "T[0,2]": 14.657676611772649,
    "T[0,3]": 11.894955660872695,
    "T[0,4]": 11.894955660872695,
    "T[0,5]": 5.085981517262538,
    "T[0,6]": 18.00218668898078,
    "T[0,7]": 9.82517523488941,
    "T[0,8]": 5.085981517262538
  },
  "level": {
    "l[11,0]": 7.0,
    "l[1,0]": 1.0,
    "l[3,0]": 4.0,
    "l[5,0]": 3.0,
    "l[6,0]": 2.0,
    "l[7,0]": 6.0,
    "l[9,0]": 5.0,
    "l[11,0,0]": 3.0,
    "l[4,0,0]": 2.0,
    "l[10,0,0]": 1.0,
    "l[11,0,1]": 2.0,
    "l[8,0,1]": 1.0,
    "l[11,0,2]": 2.0,
    "l[6,0,2]": 1.0,
    "l[11,0,3]": 2.0,
    "l[2,0,3]": 1.0,
    "l[11,0,4]": 2.0,
    "l[2,0,4]": 1.0,
    "l[11,0,5]": 2.0,
    "l[8,0,5]": 1.0,
    "l[11,0,6]": 3.0,
    "l[2,0,6]": 2.0,
    "l[5,0,6]": 1.0,
    "l[11,0,7]": 2.0,
    "l[10,0,7]": 1.0,
    "l[11,0,8]": 2.0,
    "l[8,0,8]": 1.0
  }
}