{
  "data_set": "10.10.1",
  "status": "OPTIMAL",
  "Optimal": 18119.7351783136,
  "num_constraint": 2728,
  "Number of variables": 2620,
  "solve_time": 85.54297947883606,
  "obj_value": 18119.7351783136,
  "return value": 18250.0,
  "truck_fee": 115.42664851799786,
  "drone_fee": 14.838173168402506,
  "Lw": 60,
  "Ld": 30,
  "truck_velocity": 0.666666667,
  "drone_velocity": 1.0,
  "truck_capacity": 1500,
  "drone_capacity": 40,
  "num_truck": 1,
  "num_drone": 1,
  "minWeightPerVisit": 0,
  "truck": {
    "x[1,4,0]": 1.0,
    "x[2,11,0]": 1.0,
    "x[3,2,0]": 1.0,
    "x[4,7,0]": 1.0,
    "x[6,9,0]": 1.0,
    "x[7,3,0]": 1.0,
    "x[9,10,0]": 1.0,
    "x[10,1,0]": 1.0,
    "x[0,6,0]": 1.0
  },
  "drone": {
    "y[6,11,0,0]": 1.0,
    "y[0,6,0,0]": 1.0,
    "y[6,11,0,1]": 1.0,
    "y[0,6,0,1]": 1.0,
    "y[6,11,0,2]": 1.0,
    "y[0,6,0,2]": 1.0,
    "y[1,11,0,3]": 1.0,
    "y[5,1,0,3]": 1.0,
    "y[0,5,0,3]": 1.0,
    "y[1,11,0,4]": 1.0,
    "y[0,1,0,4]": 1.0,
    "y[8,11,0,5]": 1.0,
    "y[0,8,0,5]": 1.0,
    "y[6,11,0,6]": 1.0,
    "y[0,6,0,6]": 1.0,
    "y[6,11,0,7]": 1.0,
    "y[0,6,0,7]": 1.0,
    "y[8,11,0,8]": 1.0,
    "y[0,8,0,8]": 1.0,
    "y[6,11,0,9]": 1.0,
    "y[0,6,0,9]": 1.0,
    "y[6,11,0,10]": 1.0,
    "y[0,6,0,10]": 1.0,
    "y[6,11,0,11]": 1.0,
    "y[0,6,0,11]": 1.0
  },
  "cusWeight": {
    "m[1]": 350.0,
    "m[2]": 75.0,
    "m[3]": 350.0,
    "m[4]": 175.0,
    "m[5]": 25.0,
    "m[6]": 350.0,
    "m[7]": 150.0,
    "m[8]": 75.0,
    "m[9]": 350.0,
    "m[10]": 75.0
  },
  "cusWeightByDrone": {
    "m[1,0,3]": 15.0,
    "m[1,0,4]": 40.0,
    "m[5,0,3]": 25.0,
    "m[6,0,0]": 40.0,
    "m[6,0,1]": 40.0,
    "m[6,0,2]": 40.0,
    "m[6,0,6]": 40.0,
    "m[6,0,7]": 40.0,
    "m[6,0,9]": 40.0,
    "m[6,0,10]": 40.0,
    "m[6,0,11]": 40.0,
    "m[8,0,5]": 35.0,
    "m[8,0,8]": 40.0
  },
  "cusWeightByTruck": {
    "m[1,0]": 295.0,
    "m[2,0]": 75.0,
    "m[3,0]": 350.0,
    "m[4,0]": 175.0,
    "m[6,0]": 30.0,
    "m[7,0]": 150.0,
    "m[9,0]": 350.0,
    "m[10,0]": 75.0
  },
  "tripDroneTime": {
    "T[0,0]": 4.58265915606638,
    "T[0,1]": 4.58265915606638,
    "T[0,2]": 4.58265915606638,
    "T[0,3]": 6.791733697583387,
    "T[0,4]": 6.096679268146349,
    "T[0,5]": 4.901503229674616,
    "T[0,6]": 4.58265915606638,
    "T[0,7]": 4.58265915606638,
    "T[0,8]": 4.901503229674616,
    "T[0,9]": 4.58265915606638,
    "T[0,10]": 4.58265915606638,
    "T[0,11]": 4.58265915606638
  },
  "level": {
    "l[11,0]": 9.0,
    "l[1,0]": 4.0,
    "l[2,0]": 8.0,
    "l[3,0]": 7.0,
    "l[4,0]": 5.0,
    "l[6,0]": 1.0,
    "l[7,0]": 6.0,
    "l[9,0]": 2.0,
    "l[10,0]": 3.0,
    "l[11,0,0]": 2.0,
    "l[6,0,0]": 1.0,
    "l[11,0,1]": 2.0,
    "l[6,0,1]": 1.0,
    "l[11,0,2]": 2.0,
    "l[6,0,2]": 1.0,
    "l[11,0,3]": 3.0,
    "l[1,0,3]": 2.0,
    "l[5,0,3]": 1.0,
    "l[11,0,4]": 2.0,
    "l[1,0,4]": 1.0,
    "l[11,0,5]": 2.0,
    "l[8,0,5]": 1.0,
    "l[11,0,6]": 2.0,
    "l[6,0,6]": 1.0,
    "l[11,0,7]": 2.0,
    "l[6,0,7]": 1.0,
    "l[11,0,8]": 2.0,
    "l[8,0,8]": 1.0,
    "l[11,0,9]": 2.0,
    "l[6,0,9]": 1.0,
    "l[11,0,10]": 2.0,
    "l[6,0,10]": 1.0,
    "l[11,0,11]": 2.0,
    "l[6,0,11]": 1.0
  }
}