{
  "data_set": "10.20.3",
  "status": "FEASIBLE",
  "Optimal": 6408.0,
  "num_constraint": 6928,
  "Number of variables": 6680,
  "solve_time": 18091.63329744339,
  "truck_cost": 230,
  "drone_cost": 25,
  "obj_value": 6408.0,
  "return value": 28650.0,
  "truck_fee": 20723.0,
  "drone_fee": 1519.0,
  "Lw": 100,
  "Ld": 30,
  "truck_velocity": 0.5,
  "drone_velocity": 1.0,
  "truck_capacity": 1500,
  "drone_capacity": 40,
  "num_truck": 1,
  "num_drone": 1,
  "minWeightPerVisit": 0,
  "truck": {
    "x[1,11,0]": 1.0,
    "x[3,5,0]": 1.0,
    "x[5,6,0]": 1.0,
    "x[6,1,0]": 1.0,
    "x[7,9,0]": 1.0,
    "x[9,3,0]": 1.0,
    "x[0,7,0]": 1.0
  },
  "drone": {
    "y[2,11,0,0]": 1.0,
    "y[8,2,0,0]": 1.0,
    "y[0,8,0,0]": 1.0,
    "y[8,11,0,1]": 1.0,
    "y[0,8,0,1]": 1.0,
    "y[10,11,0,2]": 1.0,
    "y[0,10,0,2]": 1.0,
    "y[2,11,0,3]": 1.0,
    "y[0,2,0,3]": 1.0,
    "y[2,11,0,4]": 1.0,
    "y[0,2,0,4]": 1.0,
    "y[8,11,0,5]": 1.0,
    "y[0,8,0,5]": 1.0
  },
  "cusWeight": {
    "m[1]": 500.0,
    "m[2]": 100.0,
    "m[3]": 250.0,
    "m[5]": 50.0,
    "m[6]": 500.0,
    "m[7]": 100.0,
    "m[8]": 100.0,
    "m[9]": 100.0,
    "m[10]": 40.0
  },
  "cusWeightByDrone": {
    "m[2,0,0]": 20.0,
    "m[2,0,3]": 40.0,
    "m[2,0,4]": 40.0,
    "m[8,0,0]": 20.0,
    "m[8,0,1]": 40.0,
    "m[8,0,5]": 40.0,
    "m[10,0,2]": 40.0
  },
  "cusWeightByTruck": {
    "m[1,0]": 500.0,
    "m[3,0]": 250.0,
    "m[5,0]": 50.0,
    "m[6,0]": 500.0,
    "m[7,0]": 100.0,
    "m[9,0]": 100.0
  },
  "tripDroneTime": {
    "T[0,0]": 16.92,
    "T[0,1]": 5.1,
    "T[0,2]": 9.84,
    "T[0,3]": 11.900000000000002,
    "T[0,4]": 11.900000000000002,
    "T[0,5]": 5.1
  },
  "level": {
    "l[11,0]": 7.0,
    "l[1,0]": 6.0,
    "l[3,0]": 3.0,
    "l[5,0]": 4.0,
    "l[6,0]": 5.0,
    "l[7,0]": 1.0,
    "l[9,0]": 2.0,
    "l[11,0,0]": 3.0,
    "l[2,0,0]": 2.0,
    "l[8,0,0]": 1.0,
    "l[11,0,1]": 2.0,
    "l[8,0,1]": 1.0,
    "l[11,0,2]": 2.0,
    "l[10,0,2]": 1.0,
    "l[11,0,3]": 2.0,
    "l[2,0,3]": 1.0,
    "l[11,0,4]": 2.0,
    "l[2,0,4]": 1.0,
    "l[11,0,5]": 2.0,
    "l[8,0,5]": 1.0,
    "l[2,0,6]": 1.0
  }
}