{
  "data_set": "10.10.3",
  "status": "FEASIBLE",
  "Optimal": 29397.862047662034,
  "num_constraint": 4828,
  "Number of variables": 4650,
  "solve_time": 36022.99136757851,
  "obj_value": 29397.862047662034,
  "return value": 29500.0,
  "truck_fee": 88.6847395180204,
  "drone_fee": 13.453212819947703,
  "Lw": 60,
  "Ld": 30,
  "truck_velocity": 0.666666667,
  "drone_velocity": 1.0,
  "truck_capacity": 1500,
  "drone_capacity": 40,
  "num_truck": 1,
  "num_drone": 1,
  "minWeightPerVisit": 0,
  "truck": {
    "x[2,7,0]": 1.0,
    "x[6,8,0]": 1.0,
    "x[7,6,0]": 1.0,
    "x[8,10,0]": 1.0,
    "x[10,11,0]": 1.0,
    "x[0,2,0]": 1.0
  },
  "drone": {
    "y[4,9,0,0]": 1.0,
    "y[9,11,0,0]": 1.0,
    "y[0,4,0,0]": 1.0,
    "y[5,11,0,1]": 1.0,
    "y[0,5,0,1]": 1.0,
    "y[5,11,0,2]": 1.0,
    "y[0,5,0,2]": 1.0,
    "y[5,11,0,3]": 1.0,
    "y[0,5,0,3]": 1.0,
    "y[5,11,0,4]": 1.0,
    "y[0,5,0,4]": 1.0,
    "y[1,11,0,5]": 1.0,
    "y[0,1,0,5]": 1.0,
    "y[4,11,0,6]": 1.0,
    "y[0,4,0,6]": 1.0,
    "y[5,11,0,7]": 1.0,
    "y[0,5,0,7]": 1.0,
    "y[1,3,0,8]": 1.0,
    "y[3,11,0,8]": 1.0,
    "y[0,1,0,8]": 1.0,
    "y[5,11,0,9]": 1.0,
    "y[0,5,0,9]": 1.0
  },
  "cusWeight": {
    "m[1]": 50.0,
    "m[2]": 100.0,
    "m[3]": 25.0,
    "m[4]": 50.0,
    "m[5]": 225.0,
    "m[6]": 450.0,
    "m[7]": 450.0,
    "m[8]": 450.0,
    "m[9]": 25.0,
    "m[10]": 50.0
  },
  "cusWeightByDrone": {
    "m[1,0,5]": 39.99999999999999,
    "m[1,0,8]": 10.000000000000007,
    "m[3,0,8]": 25.0,
    "m[4,0,0]": 15.0,
    "m[4,0,6]": 35.0,
    "m[5,0,1]": 40.0,
    "m[5,0,2]": 25.0,
    "m[5,0,3]": 40.0,
    "m[5,0,4]": 40.0,
    "m[5,0,7]": 40.0,
    "m[5,0,9]": 40.0,
    "m[9,0,0]": 25.0
  },
  "cusWeightByTruck": {
    "m[2,0]": 100.0,
    "m[6,0]": 450.0,
    "m[7,0]": 450.0,
    "m[8,0]": 450.0,
    "m[10,0]": 50.000000000000455
  },
  "tripDroneTime": {
    "T[0,0]": 7.861577007978928,
    "T[0,1]": 3.6981128887520125,
    "T[0,2]": 3.6981128887520125,
    "T[0,3]": 3.6981128887520125,
    "T[0,4]": 3.6981128887520125,
    "T[0,5]": 5.445584946236513,
    "T[0,6]": 6.766528020920002,
    "T[0,7]": 3.6981128887520125,
    "T[0,8]": 11.550483972143306,
    "T[0,9]": 3.6981128887520125
  },
  "level": {
    "l[11,0]": 6.0,
    "l[2,0]": 1.0,
    "l[6,0]": 3.0,
    "l[7,0]": 2.0,
    "l[8,0]": 4.0,
    "l[10,0]": 5.0,
    "l[11,0,0]": 3.0,
    "l[4,0,0]": 1.0,
    "l[9,0,0]": 2.0,
    "l[11,0,1]": 2.0,
    "l[5,0,1]": 1.0,
    "l[11,0,2]": 2.0,
    "l[5,0,2]": 1.0,
    "l[11,0,3]": 2.0,
    "l[5,0,3]": 1.0,
    "l[11,0,4]": 2.0,
    "l[5,0,4]": 1.0,
    "l[11,0,5]": 2.0,
    "l[1,0,5]": 1.0,
    "l[11,0,6]": 2.0,
    "l[4,0,6]": 1.0,
    "l[11,0,7]": 2.0,
    "l[5,0,7]": 1.0,
    "l[11,0,8]": 3.0,
    "l[1,0,8]": 1.0,
    "l[3,0,8]": 2.0,
    "l[11,0,9]": 2.0,
    "l[5,0,9]": 1.0
  }
}