{
  "data_set": "10.10.3",
  "status": "FEASIBLE",
  "Optimal": 16787.40000000886,
  "num_constraint": 4828,
  "Number of variables": 4650,
  "solve_time": 18097.065844535828,
  "truck_cost": 230,
  "drone_cost": 25,
  "obj_value": 16787.4,
  "return value": 28250.0,
  "truck_fee": 9963.6,
  "drone_fee": 1499.0,
  "Lw": 60,
  "Ld": 30,
  "truck_velocity": 0.5,
  "drone_velocity": 1.0,
  "truck_capacity": 1500,
  "drone_capacity": 40,
  "num_truck": 1,
  "num_drone": 1,
  "minWeightPerVisit": 0,
  "truck": {
    "x[6,8,0]": 1.0,
    "x[7,6,0]": 1.0,
    "x[8,11,0]": 1.0,
    "x[0,7,0]": 1.0
  },
  "drone": {
    "y[2,11,0,0]": 1.0,
    "y[0,2,0,0]": 1.0,
    "y[2,4,0,1]": 1.4409223094241656e-10,
    "y[4,2,0,1]": 1.4409223094241656e-10,
    "y[5,11,0,1]": 1.0,
    "y[0,5,0,1]": 1.0,
    "y[2,7,0,2]": 1.567398248809359e-10,
    "y[5,11,0,2]": 1.0,
    "y[7,2,0,2]": 1.567398248809359e-10,
    "y[0,5,0,2]": 1.0,
    "y[2,4,0,3]": 1.4409223094241656e-10,
    "y[4,2,0,3]": 1.4409223094241656e-10,
    "y[5,11,0,3]": 1.0,
    "y[0,5,0,3]": 1.0,
    "y[5,11,0,4]": 1.0,
    "y[0,5,0,4]": 1.0,
    "y[1,11,0,5]": 1.0,
    "y[0,1,0,5]": 1.0,
    "y[4,11,0,6]": 1.0,
    "y[9,4,0,6]": 1.0,
    "y[0,9,0,6]": 1.0,
    "y[2,11,0,7]": 1.0,
    "y[0,2,0,7]": 1.0,
    "y[4,11,0,8]": 1.0,
    "y[0,4,0,8]": 1.0,
    "y[5,11,0,9]": 1.0,
    "y[0,5,0,9]": 1.0,
    "y[5,11,0,10]": 1.0,
    "y[0,5,0,10]": 1.0
  },
  "cusWeight": {
    "m[1]": 40.0,
    "m[2]": 80.0,
    "m[4]": 50.0,
    "m[5]": 225.0,
    "m[6]": 450.0,
    "m[7]": 450.0,
    "m[8]": 450.0,
    "m[9]": 25.0
  },
  "cusWeightByDrone": {
    "m[1,0,5]": 40.0,
    "m[2,0,0]": 40.0,
    "m[2,0,7]": 40.0,
    "m[4,0,1]": 5.7636892376966625e-09,
    "m[4,0,6]": 9.999999997118158,
    "m[4,0,8]": 40.0,
    "m[5,0,1]": 25.0,
    "m[5,0,2]": 40.0,
    "m[5,0,3]": 40.0,
    "m[5,0,4]": 40.0,
    "m[5,0,9]": 40.0,
    "m[5,0,10]": 40.0,
    "m[9,0,6]": 25.0
  },
  "cusWeightByTruck": {
    "m[6,0]": 450.0,
    "m[7,0]": 450.0,
    "m[8,0]": 450.0
  },
  "tripDroneTime": {
    "T[0,0]": 8.82,
    "T[0,1]": 3.7000000010000003,
    "T[0,2]": 3.7000000010000003,
    "T[0,3]": 3.7000000010000003,
    "T[0,4]": 3.7,
    "T[0,5]": 5.460000000000001,
    "T[0,6]": 7.880000000000001,
    "T[0,7]": 8.82,
    "T[0,8]": 6.78,
    "T[0,9]": 3.7,
    "T[0,10]": 3.7
  },
  "level": {
    "l[11,0]": 4.0,
    "l[6,0]": 2.0,
    "l[7,0]": 1.0,
    "l[8,0]": 3.0,
    "l[11,0,0]": 2.0,
    "l[2,0,0]": 1.0,
    "l[11,0,1]": 2.0,
    "l[5,0,1]": 1.0,
    "l[11,0,2]": 2.0,
    "l[5,0,2]": 1.0,
    "l[11,0,3]": 2.0,
    "l[5,0,3]": 1.0,
    "l[11,0,4]": 2.0,
    "l[5,0,4]": 1.0,
    "l[11,0,5]": 2.0,
    "l[1,0,5]": 1.0,
    "l[11,0,6]": 3.0,
    "l[4,0,6]": 2.0,
    "l[9,0,6]": 1.0,
    "l[11,0,7]": 2.0,
    "l[2,0,7]": 1.0,
    "l[11,0,8]": 2.0,
    "l[4,0,8]": 1.0,
    "l[11,0,9]": 2.0,
    "l[5,0,9]": 1.0,
    "l[11,0,10]": 2.0,
    "l[5,0,10]": 1.0
  }
}