{
  "data_set": "10.5.3",
  "status": "OPTIMAL",
  "Optimal": 22063.12298397885,
  "num_constraint": 2878,
  "Number of variables": 2765,
  "solve_time": 202.0486307144165,
  "obj_value": 22063.122983978847,
  "return value": 22125.0,
  "truck_fee": 54.69247297164116,
  "drone_fee": 7.184543049510558,
  "Lw": 30,
  "Ld": 30,
  "truck_velocity": 0.666666667,
  "drone_velocity": 1.0,
  "truck_capacity": 1500,
  "drone_capacity": 40,
  "num_truck": 1,
  "num_drone": 1,
  "minWeightPerVisit": 0,
  "truck": {
    "x[1,7,0]": 1.0,
    "x[2,3,0]": 1.0,
    "x[3,6,0]": 1.0,
    "x[5,11,0]": 1.0,
    "x[6,9,0]": 1.0,
    "x[7,8,0]": 1.0,
    "x[8,5,0]": 1.0,
    "x[9,10,0]": 1.0,
    "x[10,1,0]": 1.0,
    "x[0,2,0]": 1.0
  },
  "drone": {
    "y[5,11,0,0]": 1.0,
    "y[0,5,0,0]": 1.0,
    "y[5,11,0,1]": 1.0,
    "y[0,5,0,1]": 1.0,
    "y[5,11,0,2]": 1.0,
    "y[0,5,0,2]": 1.0,
    "y[5,11,0,3]": 1.0,
    "y[0,5,0,3]": 1.0,
    "y[5,11,0,4]": 1.0,
    "y[0,5,0,4]": 1.0,
    "y[5,11,0,5]": 1.0,
    "y[0,5,0,5]": 1.0,
    "y[5,11,0,6]": 1.0,
    "y[0,5,0,6]": 1.0,
    "y[5,11,0,7]": 1.0,
    "y[0,5,0,7]": 1.0,
    "y[5,11,0,8]": 1.0,
    "y[0,5,0,8]": 1.0,
    "y[5,11,0,9]": 1.0,
    "y[0,5,0,9]": 1.0
  },
  "cusWeight": {
    "m[1]": 25.0,
    "m[2]": 75.0,
    "m[3]": 625.0,
    "m[5]": 625.0,
    "m[6]": 250.0,
    "m[7]": 75.0,
    "m[8]": 50.0,
    "m[9]": 100.0,
    "m[10]": 75.0
  },
  "cusWeightByDrone": {
    "m[5,0,0]": 40.0,
    "m[5,0,1]": 40.0,
    "m[5,0,2]": 40.0,
    "m[5,0,3]": 40.0,
    "m[5,0,4]": 40.0,
    "m[5,0,5]": 40.0,
    "m[5,0,6]": 40.0,
    "m[5,0,7]": 40.0,
    "m[5,0,8]": 40.0,
    "m[5,0,9]": 40.0
  },
  "cusWeightByTruck": {
    "m[1,0]": 25.0,
    "m[2,0]": 75.0,
    "m[3,0]": 625.0,
    "m[5,0]": 225.0,
    "m[6,0]": 250.0,
    "m[7,0]": 75.0,
    "m[8,0]": 50.0,
    "m[9,0]": 100.0,
    "m[10,0]": 75.0
  },
  "tripDroneTime": {
    "T[0,0]": 2.8738172198042222,
    "T[0,1]": 2.8738172198042222,
    "T[0,2]": 2.8738172198042222,
    "T[0,3]": 2.8738172198042222,
    "T[0,4]": 2.8738172198042222,
    "T[0,5]": 2.8738172198042222,
    "T[0,6]": 2.8738172198042222,
    "T[0,7]": 2.8738172198042222,
    "T[0,8]": 2.8738172198042222,
    "T[0,9]": 2.8738172198042222
  },
  "level": {
    "l[11,0]": 10.0,
    "l[1,0]": 6.0,
    "l[2,0]": 1.0,
    "l[3,0]": 2.0,
    "l[4,0]": 4.0,
    "l[5,0]": 9.0,
    "l[6,0]": 3.0,
    "l[7,0]": 7.0,
    "l[8,0]": 8.0,
    "l[9,0]": 4.0,
    "l[10,0]": 5.0,
    "l[11,0,0]": 2.0,
    "l[5,0,0]": 1.0,
    "l[11,0,1]": 2.0,
    "l[5,0,1]": 1.0,
    "l[11,0,2]": 2.0,
    "l[5,0,2]": 1.0,
    "l[11,0,3]": 2.0,
    "l[2,0,3]": 1.0,
    "l[5,0,3]": 1.0,
    "l[11,0,4]": 2.0,
    "l[5,0,4]": 1.0,
    "l[11,0,5]": 2.0,
    "l[5,0,5]": 1.0,
    "l[11,0,6]": 2.0,
    "l[5,0,6]": 1.0,
    "l[11,0,7]": 2.0,
    "l[4,0,7]": 1.0,
    "l[5,0,7]": 1.0,
    "l[11,0,8]": 2.0,
    "l[5,0,8]": 1.0,
    "l[11,0,9]": 2.0,
    "l[5,0,9]": 1.0
  }
}