{
  "data_set": "10.5.2",
  "status": "FEASIBLE",
  "Optimal": 17884.6,
  "num_constraint": 3178,
  "Number of variables": 3055,
  "solve_time": 18091.462227106094,
  "truck_cost": 230,
  "drone_cost": 25,
  "obj_value": 17884.6,
  "return value": 22950.0,
  "truck_fee": 4319.4,
  "drone_fee": 746.0,
  "Lw": 30,
  "Ld": 30,
  "truck_velocity": 0.5,
  "drone_velocity": 1.0,
  "truck_capacity": 1500,
  "drone_capacity": 40,
  "num_truck": 1,
  "num_drone": 1,
  "minWeightPerVisit": 0,
  "truck": {
    "x[1,4,0]": 1.0,
    "x[3,5,0]": 1.0,
    "x[4,11,0]": 1.0,
    "x[5,1,0]": 1.0,
    "x[6,7,0]": 1.0,
    "x[7,3,0]": 1.0,
    "x[0,6,0]": 1.0
  },
  "drone": {
    "y[9,11,0,0]": 1.0,
    "y[0,9,0,0]": 1.0,
    "y[4,11,0,1]": 1.0,
    "y[0,4,0,1]": 1.0,
    "y[8,11,0,2]": 1.0,
    "y[0,8,0,2]": 1.0,
    "y[4,11,0,3]": 1.0,
    "y[0,4,0,3]": 1.0,
    "y[4,11,0,4]": 1.0,
    "y[0,4,0,4]": 1.0,
    "y[8,11,0,5]": 1.0,
    "y[0,8,0,5]": 1.0,
    "y[8,11,0,6]": 1.0,
    "y[0,8,0,6]": 1.0,
    "y[2,11,0,7]": 1.0,
    "y[0,2,0,7]": 1.0,
    "y[9,11,0,8]": 1.0,
    "y[0,9,0,8]": 1.0,
    "y[9,11,0,9]": 1.0,
    "y[0,9,0,9]": 1.0
  },
  "cusWeight": {
    "m[1]": 50.0,
    "m[2]": 40.0,
    "m[3]": 300.0,
    "m[4]": 300.0,
    "m[5]": 544.9999999999998,
    "m[6]": 300.0,
    "m[7]": 125.0,
    "m[8]": 120.0,
    "m[9]": 120.0
  },
  "cusWeightByDrone": {
    "m[2,0,7]": 40.0,
    "m[4,0,1]": 40.0,
    "m[4,0,3]": 40.0,
    "m[4,0,4]": 40.0,
    "m[8,0,2]": 40.0,
    "m[8,0,5]": 40.0,
    "m[8,0,6]": 40.0,
    "m[9,0,0]": 40.0,
    "m[9,0,8]": 40.0,
    "m[9,0,9]": 40.0
  },
  "cusWeightByTruck": {
    "m[1,0]": 50.0,
    "m[3,0]": 300.0,
    "m[4,0]": 180.0,
    "m[5,0]": 544.9999999999998,
    "m[6,0]": 300.0,
    "m[7,0]": 125.0
  },
  "tripDroneTime": {
    "T[0,0]": 2.48,
    "T[0,1]": 3.76,
    "T[0,2]": 2.1,
    "T[0,3]": 3.76,
    "T[0,4]": 3.76,
    "T[0,5]": 2.1,
    "T[0,6]": 2.1,
    "T[0,7]": 4.82,
    "T[0,8]": 2.48,
    "T[0,9]": 2.48
  },
  "level": {
    "l[11,0]": 7.0,
    "l[1,0]": 5.0,
    "l[3,0]": 3.0,
    "l[4,0]": 6.0,
    "l[5,0]": 4.0,
    "l[6,0]": 1.0,
    "l[7,0]": 2.0,
    "l[11,0,0]": 2.0,
    "l[9,0,0]": 1.0,
    "l[11,0,1]": 2.0,
    "l[4,0,1]": 1.0,
    "l[11,0,2]": 2.0,
    "l[8,0,2]": 1.0,
    "l[11,0,3]": 2.0,
    "l[4,0,3]": 1.0,
    "l[11,0,4]": 2.0,
    "l[4,0,4]": 1.0,
    "l[11,0,5]": 2.0,
    "l[8,0,5]": 1.0,
    "l[11,0,6]": 2.0,
    "l[8,0,6]": 1.0,
    "l[11,0,7]": 2.0,
    "l[2,0,7]": 1.0,
    "l[11,0,8]": 2.0,
    "l[9,0,8]": 1.0,
    "l[11,0,9]": 2.0,
    "l[9,0,9]": 1.0
  }
}