{
  "data_set": "10.10.2",
  "status": "FEASIBLE",
  "Optimal": 27970.459440856837,
  "num_constraint": 3328,
  "Number of variables": 3200,
  "solve_time": 36094.14940595627,
  "obj_value": 27970.459440856423,
  "return value": 28075.0,
  "truck_fee": 89.76959907527602,
  "drone_fee": 14.770960068300965,
  "Lw": 60,
  "Ld": 30,
  "truck_velocity": 0.666666667,
  "drone_velocity": 1.0,
  "truck_capacity": 1500,
  "drone_capacity": 40,
  "num_truck": 1,
  "num_drone": 1,
  "minWeightPerVisit": 0,
  "truck": {
    "x[1,3,0]": 1.0,
    "x[3,5,0]": 1.0,
    "x[5,7,0]": 1.0,
    "x[6,9,0]": 1.0,
    "x[7,8,0]": 1.0,
    "x[8,6,0]": 1.0,
    "x[9,11,0]": 1.0,
    "x[0,1,0]": 1.0
  },
  "drone": {
    "y[4,11,0,0]": 1.0,
    "y[0,4,0,0]": 1.0,
    "y[1,10,0,1]": 1.0,
    "y[10,11,0,1]": 1.0,
    "y[0,1,0,1]": 1.0,
    "y[3,10,0,2]": 3.7853287171429884e-10,
    "y[6,11,0,2]": 1.0,
    "y[8,6,0,2]": 3.7853287171429884e-10,
    "y[10,3,0,2]": 3.7853287171429884e-10,
    "y[0,6,0,2]": 0.9999999996214671,
    "y[0,7,0,2]": 3.7853287171429884e-10,
    "y[6,11,0,3]": 1.0,
    "y[0,6,0,3]": 1.0,
    "y[6,11,0,4]": 1.0,
    "y[0,6,0,4]": 1.0,
    "y[6,11,0,5]": 1.0,
    "y[0,6,0,5]": 1.0,
    "y[6,11,0,6]": 1.0,
    "y[0,6,0,6]": 1.0,
    "y[6,11,0,7]": 1.0,
    "y[0,6,0,7]": 1.0,
    "y[7,11,0,8]": 1.0,
    "y[0,7,0,8]": 1.0
  },
  "cusWeight": {
    "m[1]": 225.0,
    "m[3]": 475.0,
    "m[4]": 25.0,
    "m[5]": 100.0,
    "m[6]": 250.0,
    "m[7]": 475.0,
    "m[8]": 250.0,
    "m[9]": 25.0,
    "m[10]": 19.999999999999833
  },
  "cusWeightByDrone": {
    "m[1,0,1]": 20.000000026497474,
    "m[3,0,2]": 1.5141314868571953e-08,
    "m[4,0,0]": 25.0,
    "m[6,0,2]": 39.99999998485868,
    "m[6,0,3]": 40.0,
    "m[6,0,4]": 40.0,
    "m[6,0,5]": 40.0,
    "m[6,0,6]": 40.0,
    "m[6,0,7]": 40.0,
    "m[7,0,8]": 40.0,
    "m[10,0,1]": 19.999999988643843,
    "m[10,0,2]": 1.1355988815964224e-08
  },
  "cusWeightByTruck": {
    "m[1,0]": 204.9999999848585,
    "m[3,0]": 475.0,
    "m[5,0]": 100.0,
    "m[6,0]": 10.000000015141325,
    "m[7,0]": 435.0,
    "m[8,0]": 250.0,
    "m[9,0]": 25.0
  },
  "tripDroneTime": {
    "T[0,0]": 3.5069062926205,
    "T[0,1]": 9.304101534647426,
    "T[0,2]": 6.4400947247102955,
    "T[0,3]": 6.4400947237102955,
    "T[0,4]": 6.4400947237102955,
    "T[0,5]": 6.4400947237102955,
    "T[0,6]": 6.4400947237102955,
    "T[0,7]": 6.4400947237102955,
    "T[0,8]": 7.632264100998041
  },
  "level": {
    "l[11,0]": 8.0,
    "l[1,0]": 1.0,
    "l[3,0]": 2.0,
    "l[5,0]": 3.0,
    "l[6,0]": 6.0,
    "l[7,0]": 4.0,
    "l[8,0]": 5.0,
    "l[9,0]": 7.0,
    "l[11,0,0]": 2.0,
    "l[4,0,0]": 1.0,
    "l[11,0,1]": 3.0,
    "l[1,0,1]": 1.0,
    "l[10,0,1]": 2.0,
    "l[11,0,2]": 2.0,
    "l[6,0,2]": 0.9999999996214671,
    "l[7,0,2]": 3.7853287171429884e-10,
    "l[11,0,3]": 2.0,
    "l[6,0,3]": 1.0,
    "l[11,0,4]": 2.0,
    "l[6,0,4]": 1.0,
    "l[11,0,5]": 2.0,
    "l[6,0,5]": 1.0,
    "l[11,0,6]": 2.0,
    "l[6,0,6]": 1.0,
    "l[11,0,7]": 2.0,
    "l[6,0,7]": 1.0,
    "l[11,0,8]": 2.0,
    "l[7,0,8]": 1.0
  }
}