{
  "data_set": "10.20.4",
  "status": "FEASIBLE",
  "Optimal": 22275.610361631167,
  "num_constraint": 6328,
  "Number of variables": 6100,
  "solve_time": 36005.3583316803,
  "obj_value": 22275.61036163118,
  "return value": 22500.0,
  "truck_fee": 201.61144829087235,
  "drone_fee": 22.77819007794801,
  "Lw": 100,
  "Ld": 30,
  "truck_velocity": 0.666666667,
  "drone_velocity": 1.0,
  "truck_capacity": 1500,
  "drone_capacity": 40,
  "num_truck": 1,
  "num_drone": 1,
  "minWeightPerVisit": 0,
  "truck": {
    "x[1,2,0]": 1.0,
    "x[2,6,0]": 1.0,
    "x[4,5,0]": 1.0,
    "x[5,1,0]": 1.0,
    "x[6,11,0]": 1.0,
    "x[8,10,0]": 1.0,
    "x[9,8,0]": 1.0,
    "x[10,4,0]": 1.0,
    "x[0,9,0]": 1.0
  },
  "drone": {
    "y[1,6,0,0]": 6.572520305780927e-13,
    "y[5,11,0,0]": 1.0,
    "y[6,1,0,0]": 6.572520305780927e-13,
    "y[8,10,0,0]": 3.2862601528904634e-13,
    "y[0,5,0,0]": 1.0,
    "y[5,11,0,1]": 1.0,
    "y[8,9,0,1]": 2.1248230438394445e-11,
    "y[9,8,0,1]": 2.1248230438394445e-11,
    "y[0,5,0,1]": 1.0,
    "y[5,11,0,2]": 1.0,
    "y[0,5,0,2]": 1.0,
    "y[1,6,0,3]": 1.4126541777090123e-12,
    "y[3,2,0,3]": 1.4126541777090123e-12,
    "y[5,8,0,3]": 1.3784074091878007e-12,
    "y[5,11,0,3]": 0.9999999999986215,
    "y[6,3,0,3]": 1.4126541777090123e-12,
    "y[0,1,0,3]": 1.4126541777090123e-12,
    "y[0,5,0,3]": 1.0,
    "y[5,11,0,4]": 1.0,
    "y[0,5,0,4]": 1.0,
    "y[5,11,0,5]": 1.0,
    "y[0,5,0,5]": 1.0,
    "y[3,11,0,6]": 1.0,
    "y[6,3,0,6]": 1.0,
    "y[0,6,0,6]": 1.0,
    "y[5,11,0,7]": 1.0,
    "y[0,5,0,7]": 1.0,
    "y[7,11,0,8]": 1.0,
    "y[0,7,0,8]": 1.0,
    "y[5,11,0,9]": 1.0,
    "y[0,5,0,9]": 1.0,
    "y[2,3,0,11]": 6.880967362562776e-12,
    "y[3,2,0,11]": 6.880967362562776e-12,
    "y[8,4,0,11]": 5.3312266618525897e-11,
    "y[2,6,0,14]": 6.572520305780927e-13,
    "y[3,2,0,14]": 6.572520305780927e-13,
    "y[6,3,0,14]": 6.572520305780927e-13,
    "y[1,2,0,15]": 4.929390229335693e-13,
    "y[1,11,0,15]": 4.929390229335695e-13,
    "y[2,1,0,15]": 4.929390229335693e-13,
    "y[2,6,0,15]": 3.647748769708414e-12,
    "y[6,2,0,15]": 3.647748769708414e-12,
    "y[0,1,0,15]": 4.929390229335693e-13,
    "y[3,6,0,16]": 1.9717560917342776e-12,
    "y[6,3,0,16]": 1.9717560917342776e-12,
    "y[3,6,0,17]": 1.6431300764452313e-12,
    "y[6,3,0,17]": 1.6431300764452313e-12,
    "y[8,9,0,17]": 7.74628326094472e-12,
    "y[9,8,0,17]": 7.74628326094472e-12,
    "y[1,6,0,19]": 1.0318915442347846e-10,
    "y[6,3,0,19]": 1.0318915442347846e-10,
    "y[1,2,0,20]": 3.107757512870145e-12,
    "y[1,11,0,20]": 3.107757512870145e-12,
    "y[2,1,0,20]": 3.107757512870145e-12,
    "y[0,1,0,20]": 3.107757512870145e-12,
    "y[7,11,0,21]": 6.21551502574029e-12,
    "y[0,7,0,21]": 6.21551502574029e-12,
    "y[1,2,0,22]": 1.082863920020737e-12,
    "y[1,11,0,22]": 1.082863920020737e-12,
    "y[2,1,0,22]": 1.082863920020737e-12,
    "y[0,1,0,22]": 1.082863920020737e-12,
    "y[1,2,0,23]": 3.107757512870145e-12,
    "y[1,11,0,23]": 3.1077575128701454e-12,
    "y[2,1,0,23]": 3.107757512870145e-12,
    "y[0,1,0,23]": 3.1077575128701454e-12,
    "y[5,11,0,24]": 2.366107310081133e-11,
    "y[6,3,0,24]": 2.3661073100811326e-11,
    "y[10,5,0,24]": 2.366107310081133e-11,
    "y[0,1,0,24]": 1.7745804825608496e-11,
    "y[1,2,0,26]": 3.107757512870145e-12,
    "y[1,11,0,26]": 3.1077575128701454e-12,
    "y[2,1,0,26]": 3.107757512870145e-12,
    "y[0,1,0,26]": 3.1077575128701454e-12,
    "y[1,2,0,27]": 1.37939793709777e-13,
    "y[1,11,0,27]": 1.37939793709777e-13,
    "y[2,1,0,27]": 1.37939793709777e-13,
    "y[2,6,0,27]": 1.37939793709777e-13,
    "y[5,11,0,27]": 1.8151891030861062e-13,
    "y[6,2,0,27]": 1.37939793709777e-13,
    "y[9,8,0,27]": 1.510135286894271e-12,
    "y[0,1,0,27]": 1.37939793709777e-13,
    "y[0,5,0,27]": 1.8151891030861062e-13,
    "y[7,11,0,31]": 3.453063903189049e-13,
    "y[0,7,0,31]": 3.453063903189049e-13,
    "y[1,2,0,36]": 3.107757512870145e-12,
    "y[1,6,0,36]": 2.5354576832879396e-11,
    "y[2,1,0,36]": 3.107757512870145e-12,
    "y[6,1,0,36]": 2.5354576832879396e-11,
    "y[1,2,0,37]": 3.1077575128701466e-12,
    "y[1,6,0,37]": 2.5354576832879396e-11,
    "y[2,1,0,37]": 3.1077575128701466e-12,
    "y[6,1,0,37]": 2.5354576832879396e-11,
    "y[1,2,0,39]": 4.4396535898144926e-13,
    "y[1,11,0,39]": 4.4396535898144926e-13,
    "y[2,1,0,39]": 4.4396535898144926e-13,
    "y[0,1,0,39]": 4.4396535898144926e-13,
    "y[1,2,0,40]": 3.107757512870145e-12,
    "y[1,11,0,40]": 3.1077575128701454e-12,
    "y[2,1,0,40]": 3.107757512870145e-12,
    "y[0,1,0,40]": 3.107757512870145e-12
  },
  "cusWeight": {
    "m[1]": 50.0,
    "m[2]": 100.0,
    "m[3]": 25.0,
    "m[4]": 400.0,
    "m[5]": 400.0,
    "m[6]": 25.0,
    "m[7]": 25.0,
    "m[8]": 50.0,
    "m[9]": 400.0,
    "m[10]": 400.0
  },
  "cusWeightByDrone": {
    "m[1,0,3]": 5.650616710836049e-11,
    "m[1,0,16]": 4.375877438178578e-11,
    "m[1,0,27]": 1.103518349678216e-11,
    "m[2,0,11]": 2.7523869450251104e-10,
    "m[2,0,14]": 2.6290081223123704e-11,
    "m[2,0,15]": 3.9435121834685554e-11,
    "m[2,0,23]": 1.243103005148058e-10,
    "m[2,0,27]": 1.7431646639533443e-12,
    "m[2,0,35]": 7.618542968077666e-10,
    "m[2,0,36]": 1.243103005148058e-10,
    "m[2,0,39]": 1.775861435925797e-11,
    "m[2,0,40]": 1.243103005148058e-10,
    "m[3,0,3]": 3.531635444272531e-11,
    "m[3,0,6]": 25.0,
    "m[3,0,11]": 1.7202418406406938e-10,
    "m[3,0,16]": 4.929390229335694e-11,
    "m[3,0,24]": 9.46442924032453e-10,
    "m[5,0,0]": 40.00000000003942,
    "m[5,0,1]": 39.99999999978752,
    "m[5,0,2]": 40.0,
    "m[5,0,3]": 39.99999999987286,
    "m[5,0,4]": 39.99999999995565,
    "m[5,0,5]": 39.99999999996919,
    "m[5,0,7]": 40.00000000003449,
    "m[5,0,9]": 40.0,
    "m[5,0,11]": 1.5270264586008544e-09,
    "m[6,0,3]": 3.531635444272531e-11,
    "m[6,0,6]": 15.0,
    "m[7,0,8]": 25.0,
    "m[8,0,1]": 8.499292175357778e-10,
    "m[9,0,1]": 8.499292175357778e-10,
    "m[9,0,26]": 1.243103005148058e-10,
    "m[9,0,33]": 1.243103005148058e-10
  },
  "cusWeightByTruck": {
    "m[1,0]": 50.00000000063269,
    "m[2,0]": 100.00000000038361,
    "m[4,0]": 400.0,
    "m[5,0]": 79.99999999881383,
    "m[6,0]": 9.999999999964682,
    "m[8,0]": 49.9999999992034,
    "m[9,0]": 399.9999999991542,
    "m[10,0]": 400.0000000019743
  },
  "tripDroneTime": {
    "T[0,0]": 8.227365420911465,
    "T[0,1]": 8.22736542089737,
    "T[0,2]": 8.227365420908388,
    "T[0,3]": 8.227365420908388,
    "T[0,4]": 8.227365420908388,
    "T[0,5]": 8.227365420908388,
    "T[0,6]": 20.127815986300853,
    "T[0,7]": 8.227365420908388,
    "T[0,8]": 5.166020958224078,
    "T[0,9]": 8.227365420908388,
    "T[0,14]": 3.0433689419148148e-12,
    "T[0,15]": 1.601582414754059e-12,
    "T[0,20]": 7.02231068656037e-11,
    "T[0,22]": 1.887437142727165e-11,
    "T[0,23]": 7.022310686560371e-11,
    "T[0,26]": 7.022310686560371e-11,
    "T[0,39]": 5.9424292654591115e-12,
    "T[0,40]": 7.022310686560371e-11
  },
  "level": {
    "l[11,0]": 9.0,
    "l[1,0]": 6.0,
    "l[2,0]": 7.0,
    "l[4,0]": 4.0,
    "l[5,0]": 5.0,
    "l[6,0]": 8.0,
    "l[8,0]": 2.0,
    "l[9,0]": 1.0,
    "l[10,0]": 3.0,
    "l[11,0,0]": 2.0,
    "l[5,0,0]": 1.0,
    "l[11,0,1]": 2.0,
    "l[5,0,1]": 1.0,
    "l[11,0,2]": 2.0,
    "l[5,0,2]": 1.0,
    "l[11,0,3]": 2.0,
    "l[1,0,3]": 1.4126541777090123e-12,
    "l[5,0,3]": 1.0,
    "l[11,0,4]": 2.0,
    "l[5,0,4]": 1.0,
    "l[11,0,5]": 2.0,
    "l[5,0,5]": 1.0,
    "l[11,0,6]": 3.0,
    "l[3,0,6]": 2.0,
    "l[6,0,6]": 1.0,
    "l[11,0,7]": 2.0,
    "l[5,0,7]": 1.0,
    "l[11,0,8]": 2.0,
    "l[7,0,8]": 1.0,
    "l[11,0,9]": 2.0,
    "l[5,0,9]": 1.0,
    "l[1,0,15]": 4.929390229335693e-13,
    "l[1,0,20]": 3.107757512870145e-12,
    "l[7,0,21]": 6.21551502574029e-12,
    "l[1,0,22]": 1.082863920020737e-12,
    "l[1,0,24]": 1.7745804825608496e-11,
    "l[1,0,26]": 3.1077575128701454e-12,
    "l[7,0,31]": 3.453063903189049e-13,
    "l[1,0,39]": 4.4396535898144926e-13
  }
}