{
  "data_set": "10.5.3",
  "status": "FEASIBLE",
  "Optimal": 15428.550000000001,
  "num_constraint": 2878,
  "Number of variables": 2765,
  "solve_time": 18073.12395644188,
  "truck_cost": 230,
  "drone_cost": 25,
  "obj_value": 15428.55,
  "return value": 19775.0,
  "truck_fee": 3620.2000000000003,
  "drone_fee": 726.25,
  "Lw": 30,
  "Ld": 30,
  "truck_velocity": 0.5,
  "drone_velocity": 1.0,
  "truck_capacity": 1500,
  "drone_capacity": 40,
  "num_truck": 1,
  "num_drone": 1,
  "minWeightPerVisit": 0,
  "truck": {
    "x[2,11,0]": 1.0,
    "x[3,6,0]": 1.0,
    "x[5,3,0]": 1.0,
    "x[6,2,0]": 1.0,
    "x[0,5,0]": 1.0
  },
  "drone": {
    "y[9,11,0,0]": 1.0,
    "y[0,9,0,0]": 1.0,
    "y[1,11,0,1]": 1.0,
    "y[9,1,0,1]": 1.0,
    "y[0,9,0,1]": 1.0,
    "y[9,11,0,2]": 1.0,
    "y[10,9,0,2]": 1.0,
    "y[0,10,0,2]": 1.0,
    "y[7,11,0,3]": 1.0,
    "y[8,7,0,3]": 1.0,
    "y[0,8,0,3]": 1.0,
    "y[9,11,0,4]": 1.0,
    "y[0,9,0,4]": 1.0
  },
  "cusWeight": {
    "m[1]": 25.0,
    "m[2]": 75.0,
    "m[3]": 599.9999999999999,
    "m[5]": 575.0,
    "m[6]": 250.0,
    "m[7]": 25.0,
    "m[8]": 15.0,
    "m[9]": 100.0,
    "m[10]": 34.999999999999986
  },
  "cusWeightByDrone": {
    "m[1,0,1]": 25.0,
    "m[7,0,3]": 25.0,
    "m[8,0,3]": 15.0,
    "m[9,0,0]": 40.0,
    "m[9,0,1]": 15.0,
    "m[9,0,2]": 5.000000000000014,
    "m[9,0,4]": 39.999999999999986,
    "m[10,0,2]": 34.999999999999986
  },
  "cusWeightByTruck": {
    "m[2,0]": 75.0,
    "m[3,0]": 599.9999999999999,
    "m[5,0]": 575.0,
    "m[6,0]": 250.0
  },
  "tripDroneTime": {
    "T[0,0]": 4.960000000000001,
    "T[0,1]": 6.4399999999999995,
    "T[0,2]": 5.99,
    "T[0,3]": 6.7,
    "T[0,4]": 4.96
  },
  "level": {
    "l[11,0]": 5.0,
    "l[2,0]": 4.0,
    "l[3,0]": 2.0,
    "l[5,0]": 1.0,
    "l[6,0]": 3.0,
    "l[11,0,0]": 2.0,
    "l[9,0,0]": 1.0,
    "l[11,0,1]": 3.0,
    "l[1,0,1]": 2.0,
    "l[9,0,1]": 1.0,
    "l[11,0,2]": 3.0,
    "l[9,0,2]": 2.0,
    "l[10,0,2]": 1.0,
    "l[11,0,3]": 3.0,
    "l[7,0,3]": 2.0,
    "l[8,0,3]": 1.0,
    "l[11,0,4]": 2.0,
    "l[9,0,4]": 1.0
  }
}