{
  "data_set": "10.20.1",
  "status": "OPTIMAL",
  "Optimal": -371.0,
  "num_constraint": 5578,
  "Number of variables": 5375,
  "solve_time": 553.0422992706299,
  "truck_cost": 230,
  "drone_cost": 25,
  "obj_value": -370.9999999999982,
  "return value": 18125.0,
  "truck_fee": 16099.999999999998,
  "drone_fee": 2396.0,
  "Lw": 100,
  "Ld": 30,
  "truck_velocity": 0.5,
  "drone_velocity": 1.0,
  "truck_capacity": 1500,
  "drone_capacity": 40,
  "num_truck": 1,
  "num_drone": 1,
  "minWeightPerVisit": 0,
  "truck": {
    "x[2,9,0]": 1.0,
    "x[3,8,0]": 1.0,
    "x[4,2,0]": 1.0,
    "x[6,3,0]": 1.0,
    "x[8,10,0]": 1.0,
    "x[9,6,0]": 1.0,
    "x[10,11,0]": 1.0,
    "x[0,4,0]": 1.0
  },
  "drone": {
    "y[5,11,0,0]": 1.0,
    "y[0,5,0,0]": 1.0,
    "y[5,11,0,1]": 1.0,
    "y[0,5,0,1]": 1.0,
    "y[7,11,0,2]": 1.0,
    "y[0,7,0,2]": 1.0,
    "y[5,11,0,3]": 1.0,
    "y[0,5,0,3]": 1.0,
    "y[5,11,0,4]": 1.0,
    "y[0,5,0,4]": 1.0
  },
  "cusWeight": {
    "m[2]": 275.0,
    "m[3]": 75.0,
    "m[4]": 275.0,
    "m[5]": 160.0,
    "m[6]": 75.0,
    "m[7]": 40.0,
    "m[8]": 250.0,
    "m[9]": 275.0,
    "m[10]": 275.0
  },
  "cusWeightByDrone": {
    "m[5,0,0]": 40.0,
    "m[5,0,1]": 40.0,
    "m[5,0,3]": 40.0,
    "m[5,0,4]": 40.0,
    "m[7,0,2]": 40.0
  },
  "cusWeightByTruck": {
    "m[2,0]": 275.0,
    "m[3,0]": 74.99999999999999,
    "m[4,0]": 275.0,
    "m[6,0]": 75.0,
    "m[8,0]": 250.0,
    "m[9,0]": 275.0,
    "m[10,0]": 274.99999999999994
  },
  "tripDroneTime": {
    "T[0,0]": 22.72,
    "T[0,1]": 22.72,
    "T[0,2]": 4.96,
    "T[0,3]": 22.72,
    "T[0,4]": 22.72
  },
  "level": {
    "l[11,0]": 8.0,
    "l[2,0]": 2.0,
    "l[3,0]": 5.0,
    "l[4,0]": 1.0,
    "l[6,0]": 4.0,
    "l[8,0]": 6.0,
    "l[9,0]": 3.0,
    "l[10,0]": 7.0,
    "l[11,0,0]": 2.0,
    "l[5,0,0]": 1.0,
    "l[11,0,1]": 2.0,
    "l[5,0,1]": 1.0,
    "l[11,0,2]": 2.0,
    "l[7,0,2]": 1.0,
    "l[11,0,3]": 2.0,
    "l[5,0,3]": 1.0,
    "l[11,0,4]": 2.0,
    "l[5,0,4]": 1.0
  }
}