{
  "data_set": "10.5.1",
  "status": "FEASIBLE",
  "Optimal": 24067.6026072183,
  "num_constraint": 3328,
  "Number of variables": 3200,
  "solve_time": 36139.700456380844,
  "obj_value": 24067.6026072183,
  "return value": 24125.0,
  "truck_fee": 50.214884472016124,
  "drone_fee": 7.182508309680961,
  "Lw": 30,
  "Ld": 30,
  "truck_velocity": 0.666666667,
  "drone_velocity": 1.0,
  "truck_capacity": 1500,
  "drone_capacity": 40,
  "num_truck": 1,
  "num_drone": 1,
  "minWeightPerVisit": 0,
  "truck": {
    "x[2,4,0]": 1.0,
    "x[3,7,0]": 1.0,
    "x[4,6,0]": 1.0,
    "x[5,11,0]": 1.0,
    "x[6,5,0]": 1.0,
    "x[7,8,0]": 1.0,
    "x[8,10,0]": 1.0,
    "x[10,2,0]": 1.0,
    "x[0,3,0]": 1.0
  },
  "drone": {
    "y[5,11,0,0]": 1.0,
    "y[0,5,0,0]": 1.0,
    "y[5,11,0,1]": 1.0,
    "y[9,5,0,1]": 1.0,
    "y[0,9,0,1]": 1.0,
    "y[1,11,0,2]": 1.0,
    "y[0,1,0,2]": 1.0,
    "y[1,11,0,3]": 1.0,
    "y[0,1,0,3]": 1.0,
    "y[5,11,0,4]": 1.0,
    "y[0,5,0,4]": 1.0,
    "y[5,11,0,5]": 1.0,
    "y[0,5,0,5]": 1.0,
    "y[1,11,0,6]": 1.0,
    "y[0,1,0,6]": 1.0,
    "y[5,11,0,7]": 1.0,
    "y[0,5,0,7]": 1.0,
    "y[5,11,0,8]": 1.0,
    "y[0,5,0,8]": 1.0,
    "y[5,11,0,9]": 1.0,
    "y[0,5,0,9]": 1.0,
    "y[1,11,0,10]": 1.0,
    "y[0,1,0,10]": 1.0,
    "y[9,11,0,11]": 1.0,
    "y[0,9,0,11]": 1.0,
    "y[1,11,0,12]": 1.0,
    "y[0,1,0,12]": 1.0,
    "y[5,11,0,13]": 1.0,
    "y[0,5,0,13]": 1.0
  },
  "cusWeight": {
    "m[1]": 200.0,
    "m[2]": 50.0,
    "m[3]": 100.0,
    "m[4]": 400.0,
    "m[5]": 400.0,
    "m[6]": 175.0,
    "m[7]": 175.0,
    "m[8]": 100.0,
    "m[9]": 50.0,
    "m[10]": 400.0
  },
  "cusWeightByDrone": {
    "m[1,0,2]": 40.0,
    "m[1,0,3]": 40.0,
    "m[1,0,6]": 40.0,
    "m[1,0,10]": 40.0,
    "m[1,0,12]": 40.0,
    "m[5,0,0]": 40.0,
    "m[5,0,1]": 30.0,
    "m[5,0,4]": 40.0,
    "m[5,0,5]": 39.999999999999986,
    "m[5,0,7]": 40.0,
    "m[5,0,8]": 40.0,
    "m[5,0,9]": 39.999999999999986,
    "m[5,0,13]": 39.99999999999993,
    "m[9,0,1]": 10.0,
    "m[9,0,11]": 40.0
  },
  "cusWeightByTruck": {
    "m[2,0]": 50.0,
    "m[3,0]": 100.0,
    "m[4,0]": 400.0,
    "m[5,0]": 90.00000000000007,
    "m[6,0]": 175.0,
    "m[7,0]": 175.0,
    "m[8,0]": 100.0,
    "m[10,0]": 400.0
  },
  "tripDroneTime": {
    "T[0,0]": 1.7893225937958221,
    "T[0,1]": 3.0046353402636337,
    "T[0,2]": 2.3638354321629076,
    "T[0,3]": 2.3638354321629076,
    "T[0,4]": 1.7893225937958221,
    "T[0,5]": 1.7893225937958221,
    "T[0,6]": 2.3638354321629076,
    "T[0,7]": 1.7893225937958221,
    "T[0,8]": 1.7893225937958221,
    "T[0,9]": 1.7893225937958221,
    "T[0,10]": 2.3638354321629076,
    "T[0,11]": 1.3809625810749115,
    "T[0,12]": 2.3638354321629076,
    "T[0,13]": 1.7893225937958221
  },
  "level": {
    "l[11,0]": 9.0,
    "l[2,0]": 5.0,
    "l[3,0]": 1.0,
    "l[4,0]": 6.0,
    "l[5,0]": 8.0,
    "l[6,0]": 7.0,
    "l[7,0]": 2.0,
    "l[8,0]": 3.0,
    "l[10,0]": 4.0,
    "l[11,0,0]": 2.0,
    "l[5,0,0]": 1.0,
    "l[11,0,1]": 3.0,
    "l[5,0,1]": 2.0,
    "l[9,0,1]": 1.0,
    "l[11,0,2]": 2.0,
    "l[1,0,2]": 1.0,
    "l[11,0,3]": 2.0,
    "l[1,0,3]": 1.0,
    "l[11,0,4]": 2.0,
    "l[5,0,4]": 1.0,
    "l[11,0,5]": 2.0,
    "l[5,0,5]": 1.0,
    "l[11,0,6]": 2.0,
    "l[1,0,6]": 1.0,
    "l[11,0,7]": 2.0,
    "l[5,0,7]": 1.0,
    "l[11,0,8]": 2.0,
    "l[5,0,8]": 1.0,
    "l[11,0,9]": 2.0,
    "l[5,0,9]": 1.0,
    "l[11,0,10]": 2.0,
    "l[1,0,10]": 1.0,
    "l[11,0,11]": 2.0,
    "l[9,0,11]": 1.0,
    "l[11,0,12]": 2.0,
    "l[1,0,12]": 1.0,
    "l[11,0,13]": 2.0,
    "l[5,0,13]": 1.0
  }
}