{
  "data_set": "10.20.2",
  "status": "OPTIMAL",
  "Optimal": 21155.5503196066,
  "num_constraint": 6328,
  "Number of variables": 6100,
  "solve_time": 45.34801173210144,
  "obj_value": 21155.5503196066,
  "return value": 21400.0,
  "truck_fee": 220.04920869178434,
  "drone_fee": 24.4004717016164,
  "Lw": 100,
  "Ld": 30,
  "truck_velocity": 0.666666667,
  "drone_velocity": 1.0,
  "truck_capacity": 1500,
  "drone_capacity": 40,
  "num_truck": 1,
  "num_drone": 1,
  "minWeightPerVisit": 0,
  "truck": {
    "x[1,9,0]": 1.0,
    "x[2,11,0]": 1.0,
    "x[3,1,0]": 1.0,
    "x[4,6,0]": 1.0,
    "x[5,8,0]": 1.0,
    "x[6,5,0]": 1.0,
    "x[8,3,0]": 1.0,
    "x[9,2,0]": 1.0,
    "x[0,4,0]": 1.0
  },
  "drone": {
    "y[10,11,0,0]": 1.0,
    "y[0,10,0,0]": 1.0,
    "y[7,11,0,1]": 1.0,
    "y[0,7,0,1]": 1.0,
    "y[7,11,0,2]": 1.0,
    "y[0,7,0,2]": 1.0,
    "y[5,11,0,3]": 1.0,
    "y[0,5,0,3]": 1.0,
    "y[7,11,0,4]": 1.0,
    "y[0,7,0,4]": 1.0,
    "y[7,11,0,5]": 1.0,
    "y[0,7,0,5]": 1.0,
    "y[7,11,0,6]": 1.0,
    "y[0,7,0,6]": 1.0
  },
  "cusWeight": {
    "m[1]": 50.0,
    "m[2]": 50.0,
    "m[3]": 400.0,
    "m[4]": 25.0,
    "m[5]": 400.0,
    "m[6]": 400.0,
    "m[7]": 200.0,
    "m[8]": 40.0,
    "m[9]": 175.0,
    "m[10]": 40.0
  },
  "cusWeightByDrone": {
    "m[5,0,3]": 40.0,
    "m[7,0,1]": 40.0,
    "m[7,0,2]": 40.0,
    "m[7,0,4]": 40.0,
    "m[7,0,5]": 40.0,
    "m[7,0,6]": 40.0,
    "m[10,0,0]": 40.0
  },
  "cusWeightByTruck": {
    "m[1,0]": 50.0,
    "m[2,0]": 50.0,
    "m[3,0]": 400.0,
    "m[4,0]": 25.0,
    "m[5,0]": 360.0,
    "m[6,0]": 400.0,
    "m[8,0]": 40.0,
    "m[9,0]": 175.0
  },
  "tripDroneTime": {
    "T[0,0]": 11.868478245621057,
    "T[0,1]": 14.262878421770761,
    "T[0,2]": 14.262878421770761,
    "T[0,3]": 14.419016451990744,
    "T[0,4]": 14.262878421770761,
    "T[0,5]": 14.262878421770761,
    "T[0,6]": 14.262878421770761
  },
  "level": {
    "l[11,0]": 9.0,
    "l[1,0]": 6.0,
    "l[2,0]": 8.0,
    "l[3,0]": 5.0,
    "l[4,0]": 1.0,
    "l[5,0]": 3.0,
    "l[6,0]": 2.0,
    "l[8,0]": 4.0,
    "l[9,0]": 7.0,
    "l[11,0,0]": 2.0,
    "l[10,0,0]": 1.0,
    "l[11,0,1]": 2.0,
    "l[7,0,1]": 1.0,
    "l[11,0,2]": 2.0,
    "l[7,0,2]": 1.0,
    "l[11,0,3]": 2.0,
    "l[5,0,3]": 1.0,
    "l[11,0,4]": 2.0,
    "l[7,0,4]": 1.0,
    "l[11,0,5]": 2.0,
    "l[7,0,5]": 1.0,
    "l[11,0,6]": 2.0,
    "l[7,0,6]": 1.0
  }
}