{
  "data_set": "10.10.2",
  "status": "FEASIBLE",
  "Optimal": 15487.2,
  "num_constraint": 3328,
  "Number of variables": 3200,
  "solve_time": 18078.858082056046,
  "truck_cost": 230,
  "drone_cost": 25,
  "obj_value": 15487.2,
  "return value": 27325.0,
  "truck_fee": 10340.8,
  "drone_fee": 1497.0,
  "Lw": 60,
  "Ld": 30,
  "truck_velocity": 0.5,
  "drone_velocity": 1.0,
  "truck_capacity": 1500,
  "drone_capacity": 40,
  "num_truck": 1,
  "num_drone": 1,
  "minWeightPerVisit": 0,
  "truck": {
    "x[1,11,0]": 1.0,
    "x[3,1,0]": 1.0,
    "x[6,8,0]": 1.0,
    "x[7,3,0]": 1.0,
    "x[8,7,0]": 1.0,
    "x[0,6,0]": 1.0
  },
  "drone": {
    "y[6,11,0,0]": 1.0,
    "y[0,6,0,0]": 1.0,
    "y[5,11,0,1]": 1.0,
    "y[0,5,0,1]": 1.0,
    "y[6,11,0,2]": 1.0,
    "y[0,6,0,2]": 1.0,
    "y[9,11,0,3]": 1.0,
    "y[0,9,0,3]": 1.0,
    "y[6,11,0,4]": 1.0,
    "y[0,6,0,4]": 1.0,
    "y[6,11,0,5]": 1.0,
    "y[0,6,0,5]": 1.0,
    "y[4,11,0,6]": 1.0,
    "y[0,4,0,6]": 1.0,
    "y[5,11,0,7]": 1.0,
    "y[0,5,0,7]": 1.0
  },
  "cusWeight": {
    "m[1]": 225.0,
    "m[3]": 475.0,
    "m[4]": 25.0,
    "m[5]": 80.0,
    "m[6]": 250.0,
    "m[7]": 475.0,
    "m[8]": 235.0,
    "m[9]": 25.0
  },
  "cusWeightByDrone": {
    "m[4,0,6]": 25.0,
    "m[5,0,1]": 40.0,
    "m[5,0,7]": 40.0,
    "m[6,0,0]": 40.0,
    "m[6,0,2]": 40.0,
    "m[6,0,4]": 40.0,
    "m[6,0,5]": 40.0,
    "m[9,0,3]": 25.0
  },
  "cusWeightByTruck": {
    "m[1,0]": 225.0,
    "m[3,0]": 475.0,
    "m[6,0]": 90.0,
    "m[7,0]": 475.0,
    "m[8,0]": 235.0
  },
  "tripDroneTime": {
    "T[0,0]": 6.46,
    "T[0,1]": 11.86,
    "T[0,2]": 6.46,
    "T[0,3]": 6.799999999999999,
    "T[0,4]": 6.46,
    "T[0,5]": 6.46,
    "T[0,6]": 3.52,
    "T[0,7]": 11.86
  },
  "level": {
    "l[11,0]": 6.0,
    "l[1,0]": 5.0,
    "l[3,0]": 4.0,
    "l[6,0]": 1.0,
    "l[7,0]": 3.0,
    "l[8,0]": 2.0,
    "l[11,0,0]": 2.0,
    "l[6,0,0]": 1.0,
    "l[11,0,1]": 2.0,
    "l[5,0,1]": 1.0,
    "l[11,0,2]": 2.0,
    "l[6,0,2]": 1.0,
    "l[11,0,3]": 2.0,
    "l[9,0,3]": 1.0,
    "l[11,0,4]": 2.0,
    "l[6,0,4]": 1.0,
    "l[11,0,5]": 2.0,
    "l[6,0,5]": 1.0,
    "l[11,0,6]": 2.0,
    "l[4,0,6]": 1.0,
    "l[11,0,7]": 2.0,
    "l[5,0,7]": 1.0
  }
}