{
  "data_set": "10.20.1",
  "status": "OPTIMAL",
  "Optimal": 21312.786373343377,
  "num_constraint": 5578,
  "Number of variables": 5375,
  "solve_time": 454.3755404949188,
  "obj_value": 21312.786373343377,
  "return value": 21500.0,
  "truck_fee": 164.05667645041137,
  "drone_fee": 23.15695020621123,
  "Lw": 100,
  "Ld": 30,
  "truck_velocity": 0.666666667,
  "drone_velocity": 1.0,
  "truck_capacity": 1500,
  "drone_capacity": 40,
  "num_truck": 1,
  "num_drone": 1,
  "minWeightPerVisit": 0,
  "truck": {
    "x[2,5,0]": 1.0,
    "x[3,6,0]": 1.0,
    "x[5,11,0]": 1.0,
    "x[6,9,0]": 1.0,
    "x[8,3,0]": 1.0,
    "x[9,2,0]": 1.0,
    "x[10,8,0]": 1.0,
    "x[0,10,0]": 1.0
  },
  "drone": {
    "y[1,11,0,0]": 1.0,
    "y[0,1,0,0]": 1.0,
    "y[4,11,0,1]": 1.0,
    "y[0,4,0,1]": 1.0,
    "y[4,11,0,2]": 1.0,
    "y[0,4,0,2]": 1.0,
    "y[4,11,0,3]": 1.0,
    "y[0,4,0,3]": 1.0,
    "y[4,11,0,4]": 1.0,
    "y[0,4,0,4]": 1.0,
    "y[7,11,0,5]": 1.0,
    "y[0,7,0,5]": 1.0,
    "y[4,11,0,6]": 1.0,
    "y[0,4,0,6]": 1.0,
    "y[7,11,0,7]": 1.0,
    "y[0,7,0,7]": 1.0,
    "y[4,11,0,8]": 1.0,
    "y[0,4,0,8]": 1.0,
    "y[8,11,0,9]": 1.0,
    "y[0,8,0,9]": 1.0,
    "y[4,11,0,10]": 1.0,
    "y[0,4,0,10]": 1.0
  },
  "cusWeight": {
    "m[1]": 25.0,
    "m[2]": 275.0,
    "m[3]": 75.0,
    "m[4]": 275.0,
    "m[5]": 275.0,
    "m[6]": 75.0,
    "m[7]": 75.0,
    "m[8]": 275.0,
    "m[9]": 275.0,
    "m[10]": 275.0
  },
  "cusWeightByDrone": {
    "m[1,0,0]": 25.0,
    "m[4,0,1]": 40.0,
    "m[4,0,2]": 39.999999999999986,
    "m[4,0,3]": 40.0,
    "m[4,0,4]": 35.000000000000014,
    "m[4,0,6]": 40.0,
    "m[4,0,8]": 40.0,
    "m[4,0,10]": 40.0,
    "m[7,0,5]": 35.0,
    "m[7,0,7]": 40.0,
    "m[8,0,9]": 39.99999999999996
  },
  "cusWeightByTruck": {
    "m[2,0]": 275.0,
    "m[3,0]": 75.0,
    "m[5,0]": 275.0,
    "m[6,0]": 75.0,
    "m[8,0]": 235.00000000000006,
    "m[9,0]": 275.0,
    "m[10,0]": 275.0
  },
  "tripDroneTime": {
    "T[0,0]": 10.5292404938046,
    "T[0,1]": 8.359587254402374,
    "T[0,2]": 8.359587254402374,
    "T[0,3]": 8.359587254402374,
    "T[0,4]": 8.359587254402374,
    "T[0,5]": 4.952604887629187,
    "T[0,6]": 8.359587254402374,
    "T[0,7]": 4.952604887629187,
    "T[0,8]": 8.359587254402374,
    "T[0,9]": 13.676239774965332,
    "T[0,10]": 8.359587254402374
  },
  "level": {
    "l[11,0]": 8.0,
    "l[2,0]": 6.0,
    "l[3,0]": 3.0,
    "l[4,0]": 8.0,
    "l[5,0]": 7.0,
    "l[6,0]": 4.0,
    "l[8,0]": 2.0,
    "l[9,0]": 5.0,
    "l[10,0]": 1.0,
    "l[11,0,0]": 2.0,
    "l[1,0,0]": 1.0,
    "l[4,0,0]": 1.0,
    "l[11,0,1]": 2.0,
    "l[4,0,1]": 1.0,
    "l[7,0,1]": 1.0,
    "l[11,0,2]": 2.0,
    "l[4,0,2]": 1.0,
    "l[10,0,2]": 1.0,
    "l[11,0,3]": 2.0,
    "l[4,0,3]": 1.0,
    "l[7,0,3]": 1.0,
    "l[10,0,3]": 1.0,
    "l[11,0,4]": 2.0,
    "l[1,0,4]": 2.0,
    "l[4,0,4]": 1.0,
    "l[7,0,4]": 1.0,
    "l[11,0,5]": 2.0,
    "l[4,0,5]": 1.0,
    "l[7,0,5]": 1.0,
    "l[11,0,6]": 2.0,
    "l[4,0,6]": 1.0,
    "l[11,0,7]": 2.0,
    "l[7,0,7]": 1.0,
    "l[11,0,8]": 2.0,
    "l[4,0,8]": 1.0,
    "l[7,0,8]": 1.0,
    "l[11,0,9]": 2.0,
    "l[8,0,9]": 1.0,
    "l[11,0,10]": 2.0,
    "l[4,0,10]": 1.0
  }
}