{
  "data_set": "10.5.1",
  "status": "FEASIBLE",
  "Optimal": 16676.8,
  "num_constraint": 3328,
  "Number of variables": 3200,
  "solve_time": 18020.24500799179,
  "truck_cost": 230,
  "drone_cost": 25,
  "obj_value": 16676.800000000003,
  "return value": 24125.0,
  "truck_fee": 6725.199999999999,
  "drone_fee": 723.0,
  "Lw": 30,
  "Ld": 30,
  "truck_velocity": 0.5,
  "drone_velocity": 1.0,
  "truck_capacity": 1500,
  "drone_capacity": 40,
  "num_truck": 1,
  "num_drone": 1,
  "minWeightPerVisit": 0,
  "truck": {
    "x[2,10,0]": 1.0,
    "x[3,11,0]": 1.0,
    "x[4,2,0]": 1.0,
    "x[5,6,0]": 1.0,
    "x[6,4,0]": 1.0,
    "x[7,3,0]": 1.0,
    "x[8,7,0]": 1.0,
    "x[10,8,0]": 1.0,
    "x[0,5,0]": 1.0
  },
  "drone": {
    "y[1,11,0,0]": 1.0,
    "y[0,1,0,0]": 1.0,
    "y[1,11,0,1]": 1.0,
    "y[0,1,0,1]": 1.0,
    "y[5,11,0,2]": 1.0,
    "y[9,5,0,2]": 1.0,
    "y[0,9,0,2]": 1.0,
    "y[1,11,0,3]": 1.0,
    "y[0,1,0,3]": 1.0,
    "y[5,11,0,4]": 1.0,
    "y[0,5,0,4]": 1.0,
    "y[5,11,0,5]": 1.0,
    "y[0,5,0,5]": 1.0,
    "y[5,11,0,6]": 1.0,
    "y[0,5,0,6]": 1.0,
    "y[1,11,0,7]": 1.0,
    "y[0,1,0,7]": 1.0,
    "y[5,11,0,8]": 1.0,
    "y[0,5,0,8]": 1.0,
    "y[5,11,0,9]": 1.0,
    "y[0,5,0,9]": 1.0,
    "y[1,11,0,10]": 1.0,
    "y[0,1,0,10]": 1.0,
    "y[5,11,0,11]": 1.0,
    "y[0,5,0,11]": 1.0,
    "y[5,11,0,12]": 1.0,
    "y[0,5,0,12]": 1.0,
    "y[9,11,0,13]": 1.0,
    "y[0,9,0,13]": 1.0
  },
  "cusWeight": {
    "m[1]": 200.0,
    "m[2]": 50.0,
    "m[3]": 100.0,
    "m[4]": 400.0,
    "m[5]": 400.0,
    "m[6]": 175.0,
    "m[7]": 175.0,
    "m[8]": 100.0,
    "m[9]": 50.0,
    "m[10]": 400.0
  },
  "cusWeightByDrone": {
    "m[1,0,0]": 40.0,
    "m[1,0,1]": 40.0,
    "m[1,0,3]": 40.0,
    "m[1,0,7]": 40.0,
    "m[1,0,10]": 40.0,
    "m[5,0,2]": 20.0,
    "m[5,0,4]": 40.0,
    "m[5,0,5]": 40.0,
    "m[5,0,6]": 40.0,
    "m[5,0,8]": 40.0,
    "m[5,0,9]": 40.0,
    "m[5,0,11]": 40.0,
    "m[5,0,12]": 39.999999999999986,
    "m[9,0,2]": 10.0,
    "m[9,0,13]": 40.0
  },
  "cusWeightByTruck": {
    "m[2,0]": 50.0,
    "m[3,0]": 100.0,
    "m[4,0]": 400.0,
    "m[5,0]": 100.0,
    "m[6,0]": 175.0,
    "m[7,0]": 175.0,
    "m[8,0]": 100.0,
    "m[10,0]": 400.0
  },
  "tripDroneTime": {
    "T[0,0]": 2.38,
    "T[0,1]": 2.38,
    "T[0,2]": 3.0199999999999996,
    "T[0,3]": 2.38,
    "T[0,4]": 1.7999999999999998,
    "T[0,5]": 1.7999999999999998,
    "T[0,6]": 1.7999999999999998,
    "T[0,7]": 2.38,
    "T[0,8]": 1.7999999999999998,
    "T[0,9]": 1.7999999999999998,
    "T[0,10]": 2.38,
    "T[0,11]": 1.7999999999999998,
    "T[0,12]": 1.7999999999999998,
    "T[0,13]": 1.4
  },
  "level": {
    "l[11,0]": 9.0,
    "l[2,0]": 4.0,
    "l[3,0]": 8.0,
    "l[4,0]": 3.0,
    "l[5,0]": 1.0,
    "l[6,0]": 2.0,
    "l[7,0]": 7.0,
    "l[8,0]": 6.0,
    "l[10,0]": 5.0,
    "l[11,0,0]": 2.0,
    "l[1,0,0]": 1.0,
    "l[11,0,1]": 2.0,
    "l[1,0,1]": 1.0,
    "l[11,0,2]": 3.0,
    "l[5,0,2]": 2.0,
    "l[9,0,2]": 1.0,
    "l[11,0,3]": 2.0,
    "l[1,0,3]": 1.0,
    "l[11,0,4]": 2.0,
    "l[5,0,4]": 1.0,
    "l[11,0,5]": 2.0,
    "l[5,0,5]": 1.0,
    "l[11,0,6]": 2.0,
    "l[5,0,6]": 1.0,
    "l[11,0,7]": 2.0,
    "l[1,0,7]": 1.0,
    "l[11,0,8]": 2.0,
    "l[5,0,8]": 1.0,
    "l[11,0,9]": 2.0,
    "l[5,0,9]": 1.0,
    "l[11,0,10]": 2.0,
    "l[1,0,10]": 1.0,
    "l[11,0,11]": 2.0,
    "l[5,0,11]": 1.0,
    "l[11,0,12]": 2.0,
    "l[5,0,12]": 1.0,
    "l[11,0,13]": 2.0,
    "l[9,0,13]": 1.0
  }
}