{
  "data_set": "10.10.1",
  "status": "OPTIMAL",
  "Optimal": 4671.400000000838,
  "num_constraint": 2878,
  "Number of variables": 2765,
  "solve_time": 1924.678781747818,
  "truck_cost": 230,
  "drone_cost": 25,
  "obj_value": 4671.4,
  "return value": 17850.0,
  "truck_fee": 11688.6,
  "drone_fee": 1490.0,
  "Lw": 60,
  "Ld": 30,
  "truck_velocity": 0.5,
  "drone_velocity": 1.0,
  "truck_capacity": 1500,
  "drone_capacity": 40,
  "num_truck": 1,
  "num_drone": 1,
  "minWeightPerVisit": 0,
  "truck": {
    "x[1,4,0]": 1.0,
    "x[1,11,0]": 1.41886502547095e-13,
    "x[3,11,0]": 1.0,
    "x[4,7,0]": 1.0,
    "x[6,9,0]": 1.0,
    "x[7,3,0]": 1.0,
    "x[9,1,0]": 1.0,
    "x[0,6,0]": 1.0,
    "x[0,9,0]": 1.41886502547095e-13
  },
  "drone": {
    "y[8,11,0,0]": 1.0,
    "y[0,8,0,0]": 1.0,
    "y[2,11,0,1]": 1.0,
    "y[0,2,0,1]": 1.0,
    "y[6,11,0,2]": 1.0,
    "y[10,6,0,2]": 1.0,
    "y[0,10,0,2]": 1.0,
    "y[10,11,0,3]": 1.0,
    "y[0,10,0,3]": 1.0,
    "y[6,11,0,4]": 1.0,
    "y[0,6,0,4]": 1.0,
    "y[6,11,0,5]": 1.0,
    "y[0,6,0,5]": 1.0,
    "y[6,11,0,6]": 1.0,
    "y[0,6,0,6]": 1.0,
    "y[8,11,0,7]": 1.0,
    "y[0,8,0,7]": 1.0,
    "y[6,11,0,8]": 1.0,
    "y[0,6,0,8]": 1.0,
    "y[6,11,0,9]": 1.0,
    "y[0,6,0,9]": 1.0
  },
  "cusWeight": {
    "m[1]": 330.0000000001943,
    "m[2]": 40.0,
    "m[3]": 350.0,
    "m[4]": 175.0,
    "m[6]": 350.0,
    "m[7]": 150.0,
    "m[8]": 75.0,
    "m[9]": 350.0,
    "m[10]": 75.0
  },
  "cusWeightByDrone": {
    "m[2,0,1]": 40.0,
    "m[6,0,2]": 4.999999999989359,
    "m[6,0,4]": 40.0,
    "m[6,0,5]": 40.0,
    "m[6,0,6]": 40.0,
    "m[6,0,8]": 40.0,
    "m[6,0,9]": 39.999999999999986,
    "m[8,0,0]": 35.0,
    "m[8,0,7]": 40.0,
    "m[10,0,2]": 35.000000000010644,
    "m[10,0,3]": 40.0
  },
  "cusWeightByTruck": {
    "m[1,0]": 330.0000000001943,
    "m[3,0]": 350.0,
    "m[4,0]": 175.0,
    "m[6,0]": 145.00000000001057,
    "m[7,0]": 150.0,
    "m[9,0]": 350.0
  },
  "tripDroneTime": {
    "T[0,0]": 4.92,
    "T[0,1]": 10.5,
    "T[0,2]": 8.34,
    "T[0,3]": 7.92,
    "T[0,4]": 4.6,
    "T[0,5]": 4.6,
    "T[0,6]": 4.6,
    "T[0,7]": 4.92,
    "T[0,8]": 4.6,
    "T[0,9]": 4.6
  },
  "level": {
    "l[11,0]": 7.0,
    "l[1,0]": 3.0,
    "l[3,0]": 6.0,
    "l[4,0]": 4.0,
    "l[6,0]": 1.0,
    "l[7,0]": 5.0,
    "l[9,0]": 2.0,
    "l[11,0,0]": 2.0,
    "l[8,0,0]": 1.0,
    "l[11,0,1]": 2.0,
    "l[2,0,1]": 1.0,
    "l[11,0,2]": 3.0,
    "l[6,0,2]": 2.0,
    "l[10,0,2]": 1.0,
    "l[11,0,3]": 2.0,
    "l[10,0,3]": 1.0,
    "l[11,0,4]": 2.0,
    "l[6,0,4]": 1.0,
    "l[11,0,5]": 2.0,
    "l[6,0,5]": 1.0,
    "l[11,0,6]": 2.0,
    "l[6,0,6]": 1.0,
    "l[11,0,7]": 2.0,
    "l[8,0,7]": 1.0,
    "l[11,0,8]": 2.0,
    "l[6,0,8]": 1.0,
    "l[11,0,9]": 2.0,
    "l[6,0,9]": 1.0
  }
}