{
  "data_set": "10.20.4",
  "status": "FEASIBLE",
  "Optimal": 2753.2999999999997,
  "num_constraint": 6328,
  "Number of variables": 6100,
  "solve_time": 18113.057419538498,
  "truck_cost": 230,
  "drone_cost": 25,
  "obj_value": 2753.2999999999993,
  "return value": 21275.0,
  "truck_fee": 16109.2,
  "drone_fee": 2412.5,
  "Lw": 100,
  "Ld": 30,
  "truck_velocity": 0.5,
  "drone_velocity": 1.0,
  "truck_capacity": 1500,
  "drone_capacity": 40,
  "num_truck": 1,
  "num_drone": 1,
  "minWeightPerVisit": 0,
  "truck": {
    "x[4,5,0]": 1.0,
    "x[5,11,0]": 1.0,
    "x[8,10,0]": 1.0,
    "x[9,8,0]": 1.0,
    "x[10,4,0]": 1.0,
    "x[0,9,0]": 1.0
  },
  "drone": {
    "y[5,11,0,0]": 1.0,
    "y[0,5,0,0]": 1.0,
    "y[5,11,0,1]": 1.0,
    "y[0,5,0,1]": 1.0,
    "y[5,11,0,2]": 1.0,
    "y[0,5,0,2]": 1.0,
    "y[2,11,0,3]": 1.0,
    "y[0,2,0,3]": 1.0,
    "y[1,2,0,4]": 1.0,
    "y[2,11,0,4]": 1.0,
    "y[0,1,0,4]": 1.0,
    "y[7,11,0,5]": 1.0,
    "y[0,7,0,5]": 1.0,
    "y[2,11,0,6]": 1.0,
    "y[0,2,0,6]": 1.0,
    "y[5,11,0,7]": 1.0,
    "y[0,5,0,7]": 1.0
  },
  "cusWeight": {
    "m[1]": 25.0,
    "m[2]": 95.0,
    "m[4]": 400.0,
    "m[5]": 400.0,
    "m[7]": 25.0,
    "m[8]": 50.0,
    "m[9]": 400.0,
    "m[10]": 400.0
  },
  "cusWeightByDrone": {
    "m[1,0,4]": 25.0,
    "m[2,0,3]": 40.0,
    "m[2,0,4]": 15.0,
    "m[2,0,6]": 40.0,
    "m[5,0,0]": 40.0,
    "m[5,0,1]": 40.0,
    "m[5,0,2]": 40.0,
    "m[5,0,7]": 40.0,
    "m[7,0,5]": 25.0
  },
  "cusWeightByTruck": {
    "m[4,0]": 400.0,
    "m[5,0]": 240.0,
    "m[8,0]": 50.0,
    "m[9,0]": 400.0,
    "m[10,0]": 400.0
  },
  "tripDroneTime": {
    "T[0,0]": 8.24,
    "T[0,1]": 8.24,
    "T[0,2]": 8.24,
    "T[0,3]": 18.82,
    "T[0,4]": 20.72,
    "T[0,5]": 5.18,
    "T[0,6]": 18.82,
    "T[0,7]": 8.24
  },
  "level": {
    "l[11,0]": 6.0,
    "l[4,0]": 4.0,
    "l[5,0]": 5.0,
    "l[8,0]": 2.0,
    "l[9,0]": 1.0,
    "l[10,0]": 3.0,
    "l[11,0,0]": 2.0,
    "l[5,0,0]": 1.0,
    "l[11,0,1]": 2.0,
    "l[5,0,1]": 1.0,
    "l[11,0,2]": 2.0,
    "l[5,0,2]": 1.0,
    "l[11,0,3]": 2.0,
    "l[2,0,3]": 1.0,
    "l[11,0,4]": 3.0,
    "l[1,0,4]": 1.0,
    "l[2,0,4]": 2.0,
    "l[11,0,5]": 2.0,
    "l[7,0,5]": 1.0,
    "l[11,0,6]": 2.0,
    "l[2,0,6]": 1.0,
    "l[11,0,7]": 2.0,
    "l[5,0,7]": 1.0
  }
}