{
  "data_set": "10.5.2",
  "status": "FEASIBLE",
  "Optimal": 22999.37531982557,
  "num_constraint": 3178,
  "Number of variables": 3055,
  "solve_time": 36013.72151350975,
  "obj_value": 22999.37531982557,
  "return value": 23050.0,
  "truck_fee": 43.442652460217,
  "drone_fee": 7.182027714214906,
  "Lw": 30,
  "Ld": 30,
  "truck_velocity": 0.666666667,
  "drone_velocity": 1.0,
  "truck_capacity": 1500,
  "drone_capacity": 40,
  "num_truck": 1,
  "num_drone": 1,
  "minWeightPerVisit": 0,
  "truck": {
    "x[1,4,0]": 1.0,
    "x[2,6,0]": 1.0,
    "x[3,5,0]": 1.0,
    "x[4,11,0]": 1.0,
    "x[5,1,0]": 1.0,
    "x[6,7,0]": 1.0,
    "x[7,3,0]": 1.0,
    "x[0,2,0]": 1.0
  },
  "drone": {
    "y[9,11,0,0]": 1.0,
    "y[0,9,0,0]": 1.0,
    "y[8,11,0,1]": 1.0,
    "y[0,8,0,1]": 1.0,
    "y[4,11,0,2]": 1.0,
    "y[0,4,0,2]": 1.0,
    "y[4,11,0,3]": 1.0,
    "y[0,4,0,3]": 1.0,
    "y[9,11,0,4]": 1.0,
    "y[0,9,0,4]": 1.0,
    "y[8,11,0,5]": 1.0,
    "y[0,8,0,5]": 1.0,
    "y[4,11,0,6]": 1.0,
    "y[0,4,0,6]": 1.0,
    "y[8,11,0,7]": 1.0,
    "y[0,8,0,7]": 1.0,
    "y[4,11,0,8]": 1.0,
    "y[0,4,0,8]": 1.0,
    "y[9,11,0,9]": 1.0,
    "y[0,9,0,9]": 1.0
  },
  "cusWeight": {
    "m[1]": 50.0,
    "m[2]": 50.0,
    "m[3]": 300.0,
    "m[4]": 300.0,
    "m[5]": 559.9999999999998,
    "m[6]": 275.0,
    "m[7]": 125.0,
    "m[8]": 120.00000000000023,
    "m[9]": 120.0
  },
  "cusWeightByDrone": {
    "m[4,0,2]": 40.0,
    "m[4,0,3]": 39.99999999999999,
    "m[4,0,6]": 40.0,
    "m[4,0,8]": 40.0,
    "m[8,0,1]": 40.0,
    "m[8,0,5]": 40.0,
    "m[8,0,7]": 40.0,
    "m[9,0,0]": 40.0,
    "m[9,0,4]": 40.0,
    "m[9,0,9]": 40.0
  },
  "cusWeightByTruck": {
    "m[1,0]": 50.0,
    "m[2,0]": 50.0,
    "m[3,0]": 300.0,
    "m[4,0]": 140.0,
    "m[5,0]": 559.9999999999998,
    "m[6,0]": 275.0,
    "m[7,0]": 125.0,
    "m[8,0]": 2.2737367544323206e-13
  },
  "tripDroneTime": {
    "T[0,0]": 2.4761814585493056,
    "T[0,1]": 2.089710995035703,
    "T[0,2]": 3.7576083740261508,
    "T[0,3]": 3.7576083740261508,
    "T[0,4]": 2.4761814585493056,
    "T[0,5]": 2.089710995035703,
    "T[0,6]": 3.7576083740261508,
    "T[0,7]": 2.089710995035703,
    "T[0,8]": 3.7576083740261508,
    "T[0,9]": 2.4761814585493056
  },
  "level": {
    "l[11,0]": 8.0,
    "l[1,0]": 6.0,
    "l[2,0]": 1.0,
    "l[3,0]": 4.0,
    "l[4,0]": 7.0,
    "l[5,0]": 5.0,
    "l[6,0]": 2.0,
    "l[7,0]": 3.0,
    "l[11,0,0]": 2.0,
    "l[9,0,0]": 1.0,
    "l[11,0,1]": 2.0,
    "l[8,0,1]": 1.0,
    "l[11,0,2]": 2.0,
    "l[4,0,2]": 1.0,
    "l[11,0,3]": 2.0,
    "l[4,0,3]": 1.0,
    "l[11,0,4]": 2.0,
    "l[9,0,4]": 1.0,
    "l[11,0,5]": 2.0,
    "l[8,0,5]": 1.0,
    "l[11,0,6]": 2.0,
    "l[4,0,6]": 1.0,
    "l[11,0,7]": 2.0,
    "l[8,0,7]": 1.0,
    "l[11,0,8]": 2.0,
    "l[4,0,8]": 1.0,
    "l[11,0,9]": 2.0,
    "l[9,0,9]": 1.0
  }
}