{
  "data_set": "10.5.4",
  "status": "OPTIMAL",
  "Optimal": 30939.069439084942,
  "num_constraint": 4378,
  "Number of variables": 4215,
  "solve_time": 58.542766094207764,
  "obj_value": 30939.069439084942,
  "return value": 31000.0,
  "truck_fee": 53.63650372463255,
  "drone_fee": 7.294057190425809,
  "Lw": 30,
  "Ld": 30,
  "truck_velocity": 0.666666667,
  "drone_velocity": 1.0,
  "truck_capacity": 1500,
  "drone_capacity": 40,
  "num_truck": 1,
  "num_drone": 1,
  "minWeightPerVisit": 0,
  "truck": {
    "x[1,9,0]": 1.0,
    "x[3,4,0]": 1.0,
    "x[4,1,0]": 1.0,
    "x[5,3,0]": 1.0,
    "x[7,11,0]": 1.0,
    "x[8,5,0]": 1.0,
    "x[9,7,0]": 1.0,
    "x[0,8,0]": 1.0
  },
  "drone": {
    "y[2,11,0,0]": 1.0,
    "y[0,2,0,0]": 1.0,
    "y[2,11,0,1]": 1.0,
    "y[0,2,0,1]": 1.0,
    "y[2,11,0,2]": 1.0,
    "y[0,2,0,2]": 1.0,
    "y[2,11,0,3]": 1.0,
    "y[0,2,0,3]": 1.0,
    "y[1,11,0,4]": 1.0,
    "y[0,1,0,4]": 1.0,
    "y[2,11,0,5]": 1.0,
    "y[0,2,0,5]": 1.0,
    "y[10,11,0,6]": 1.0,
    "y[0,10,0,6]": 1.0,
    "y[2,11,0,7]": 1.0,
    "y[0,2,0,7]": 1.0,
    "y[2,11,0,8]": 1.0,
    "y[0,2,0,8]": 1.0,
    "y[1,6,0,9]": 1.0,
    "y[6,11,0,9]": 1.0,
    "y[0,1,0,9]": 1.0,
    "y[2,11,0,10]": 1.0,
    "y[0,2,0,10]": 1.0,
    "y[2,11,0,11]": 1.0,
    "y[0,2,0,11]": 1.0,
    "y[2,11,0,12]": 1.0,
    "y[0,2,0,12]": 1.0
  },
  "cusWeight": {
    "m[1]": 175.0,
    "m[2]": 400.0,
    "m[3]": 100.0,
    "m[4]": 400.0,
    "m[5]": 25.0,
    "m[6]": 25.0,
    "m[7]": 50.0,
    "m[8]": 400.0,
    "m[9]": 400.0,
    "m[10]": 25.0
  },
  "cusWeightByDrone": {
    "m[1,0,4]": 40.0,
    "m[1,0,9]": 10.0,
    "m[2,0,0]": 40.0,
    "m[2,0,1]": 40.0,
    "m[2,0,2]": 40.0,
    "m[2,0,3]": 40.0,
    "m[2,0,5]": 40.0,
    "m[2,0,7]": 40.0,
    "m[2,0,8]": 40.0,
    "m[2,0,10]": 40.0,
    "m[2,0,11]": 40.0,
    "m[2,0,12]": 40.0,
    "m[6,0,9]": 24.999999999999996,
    "m[10,0,6]": 25.0
  },
  "cusWeightByTruck": {
    "m[1,0]": 125.0,
    "m[3,0]": 100.0,
    "m[4,0]": 400.0,
    "m[5,0]": 25.0,
    "m[7,0]": 50.0,
    "m[8,0]": 400.0,
    "m[9,0]": 400.0
  },
  "tripDroneTime": {
    "T[0,0]": 1.8655920751056008,
    "T[0,1]": 1.8655920751056008,
    "T[0,2]": 1.8655920751056008,
    "T[0,3]": 1.8655920751056008,
    "T[0,4]": 2.3406100324666936,
    "T[0,5]": 1.8655920751056008,
    "T[0,6]": 5.1412299126177015,
    "T[0,7]": 1.8655920751056008,
    "T[0,8]": 1.8655920751056008,
    "T[0,9]": 3.038468065562824,
    "T[0,10]": 1.8655920751056008,
    "T[0,11]": 1.8655920751056008,
    "T[0,12]": 1.8655920751056008
  },
  "level": {
    "l[11,0]": 8.0,
    "l[1,0]": 5.0,
    "l[3,0]": 3.0,
    "l[4,0]": 4.0,
    "l[5,0]": 2.0,
    "l[7,0]": 7.0,
    "l[8,0]": 1.0,
    "l[9,0]": 6.0,
    "l[11,0,0]": 2.0,
    "l[2,0,0]": 1.0,
    "l[11,0,1]": 2.0,
    "l[2,0,1]": 1.0,
    "l[11,0,2]": 2.0,
    "l[2,0,2]": 1.0,
    "l[11,0,3]": 2.0,
    "l[2,0,3]": 1.0,
    "l[11,0,4]": 2.0,
    "l[1,0,4]": 1.0,
    "l[11,0,5]": 2.0,
    "l[2,0,5]": 1.0,
    "l[11,0,6]": 2.0,
    "l[10,0,6]": 1.0,
    "l[11,0,7]": 2.0,
    "l[2,0,7]": 1.0,
    "l[11,0,8]": 2.0,
    "l[2,0,8]": 1.0,
    "l[11,0,9]": 3.0,
    "l[1,0,9]": 1.0,
    "l[6,0,9]": 2.0,
    "l[11,0,10]": 2.0,
    "l[2,0,10]": 1.0,
    "l[11,0,11]": 2.0,
    "l[2,0,11]": 1.0,
    "l[11,0,12]": 2.0,
    "l[2,0,12]": 1.0
  }
}