{
  "data_set": "10.10.4",
  "status": "FEASIBLE",
  "Optimal": 6685.3,
  "num_constraint": 5278,
  "Number of variables": 5085,
  "solve_time": 18097.002855300903,
  "truck_cost": 230,
  "drone_cost": 25,
  "obj_value": 6685.299999999999,
  "return value": 17900.0,
  "truck_fee": 9738.2,
  "drone_fee": 1476.5,
  "Lw": 60,
  "Ld": 30,
  "truck_velocity": 0.5,
  "drone_velocity": 1.0,
  "truck_capacity": 1500,
  "drone_capacity": 40,
  "num_truck": 1,
  "num_drone": 1,
  "minWeightPerVisit": 0,
  "truck": {
    "x[1,7,0]": 1.0,
    "x[3,9,0]": 1.0,
    "x[7,10,0]": 1.0,
    "x[9,11,0]": 1.0,
    "x[10,3,0]": 1.0,
    "x[0,1,0]": 1.0
  },
  "drone": {
    "y[6,11,0,0]": 1.0,
    "y[0,6,0,0]": 1.0,
    "y[8,11,0,1]": 1.0,
    "y[0,8,0,1]": 1.0,
    "y[4,11,0,2]": 1.0,
    "y[0,4,0,2]": 1.0,
    "y[6,11,0,3]": 1.0,
    "y[0,6,0,3]": 1.0,
    "y[2,11,0,4]": 1.0,
    "y[0,2,0,4]": 1.0,
    "y[5,11,0,5]": 1.0,
    "y[0,5,0,5]": 1.0,
    "y[8,11,0,6]": 1.0,
    "y[0,8,0,6]": 1.0,
    "y[8,11,0,7]": 1.0,
    "y[0,8,0,7]": 1.0,
    "y[6,11,0,8]": 1.0,
    "y[0,6,0,8]": 1.0,
    "y[2,11,0,9]": 1.0,
    "y[0,2,0,9]": 1.0
  },
  "cusWeight": {
    "m[1]": 125.0,
    "m[2]": 75.0,
    "m[3]": 75.0,
    "m[4]": 39.99999999999999,
    "m[5]": 40.0,
    "m[6]": 120.0,
    "m[7]": 625.0,
    "m[8]": 120.0,
    "m[9]": 125.0,
    "m[10]": 550.0000000000001
  },
  "cusWeightByDrone": {
    "m[2,0,4]": 35.0,
    "m[2,0,9]": 40.0,
    "m[4,0,2]": 39.99999999999999,
    "m[5,0,5]": 40.0,
    "m[6,0,0]": 40.0,
    "m[6,0,3]": 40.0,
    "m[6,0,8]": 40.0,
    "m[8,0,1]": 40.0,
    "m[8,0,6]": 40.0,
    "m[8,0,7]": 39.99999999999999
  },
  "cusWeightByTruck": {
    "m[1,0]": 125.0,
    "m[3,0]": 75.0,
    "m[7,0]": 625.0,
    "m[9,0]": 125.0,
    "m[10,0]": 550.0000000000001
  },
  "tripDroneTime": {
    "T[0,0]": 3.5199999999999996,
    "T[0,1]": 6.78,
    "T[0,2]": 6.04,
    "T[0,3]": 3.5199999999999996,
    "T[0,4]": 8.44,
    "T[0,5]": 5.24,
    "T[0,6]": 6.78,
    "T[0,7]": 6.78,
    "T[0,8]": 3.5199999999999996,
    "T[0,9]": 8.44
  },
  "level": {
    "l[11,0]": 6.0,
    "l[1,0]": 1.0,
    "l[3,0]": 4.0,
    "l[7,0]": 2.0,
    "l[9,0]": 5.0,
    "l[10,0]": 3.0,
    "l[11,0,0]": 2.0,
    "l[6,0,0]": 1.0,
    "l[11,0,1]": 2.0,
    "l[8,0,1]": 1.0,
    "l[11,0,2]": 2.0,
    "l[4,0,2]": 1.0,
    "l[11,0,3]": 2.0,
    "l[6,0,3]": 1.0,
    "l[11,0,4]": 2.0,
    "l[2,0,4]": 1.0,
    "l[11,0,5]": 2.0,
    "l[5,0,5]": 1.0,
    "l[11,0,6]": 2.0,
    "l[8,0,6]": 1.0,
    "l[11,0,7]": 2.0,
    "l[8,0,7]": 1.0,
    "l[11,0,8]": 2.0,
    "l[6,0,8]": 1.0,
    "l[11,0,9]": 2.0,
    "l[2,0,9]": 1.0
  }
}