{
  "data_set": "10.10.4",
  "status": "OPTIMAL",
  "Optimal": 18660.820461540112,
  "num_constraint": 5278,
  "Number of variables": 5085,
  "solve_time": 79.79819679260254,
  "obj_value": 18660.820461540112,
  "return value": 18775.0,
  "truck_fee": 99.21105970211156,
  "drone_fee": 14.96847875777515,
  "Lw": 60,
  "Ld": 30,
  "truck_velocity": 0.666666667,
  "drone_velocity": 1.0,
  "truck_capacity": 1500,
  "drone_capacity": 40,
  "num_truck": 1,
  "num_drone": 1,
  "minWeightPerVisit": 0,
  "truck": {
    "x[1,8,0]": 1.0,
    "x[2,4,0]": 1.0,
    "x[3,10,0]": 1.0,
    "x[4,7,0]": 1.0,
    "x[6,9,0]": 1.0,
    "x[7,1,0]": 1.0,
    "x[8,11,0]": 1.0,
    "x[9,3,0]": 1.0,
    "x[10,2,0]": 1.0,
    "x[0,6,0]": 1.0
  },
  "drone": {
    "y[10,11,0,0]": 1.0,
    "y[0,10,0,0]": 1.0,
    "y[10,11,0,1]": 1.0,
    "y[0,10,0,1]": 1.0,
    "y[6,11,0,2]": 1.0,
    "y[0,6,0,2]": 1.0,
    "y[10,11,0,3]": 1.0,
    "y[0,10,0,3]": 1.0,
    "y[10,11,0,4]": 1.0,
    "y[0,10,0,4]": 1.0,
    "y[5,11,0,5]": 1.0,
    "y[0,5,0,5]": 1.0,
    "y[4,5,0,6]": 1.0,
    "y[5,11,0,6]": 1.0,
    "y[0,4,0,6]": 1.0,
    "y[10,11,0,7]": 1.0,
    "y[0,10,0,7]": 1.0,
    "y[6,11,0,8]": 1.0,
    "y[0,6,0,8]": 1.0,
    "y[6,11,0,9]": 1.0,
    "y[0,6,0,9]": 1.0,
    "y[10,11,0,10]": 1.0,
    "y[0,10,0,10]": 1.0,
    "y[10,11,0,11]": 1.0,
    "y[0,10,0,11]": 1.0
  },
  "cusWeight": {
    "m[1]": 125.0,
    "m[2]": 55.0,
    "m[3]": 75.0,
    "m[4]": 50.0,
    "m[5]": 50.0,
    "m[6]": 125.0,
    "m[7]": 625.0,
    "m[8]": 125.0,
    "m[9]": 125.0,
    "m[10]": 625.0
  },
  "cusWeightByDrone": {
    "m[4,0,6]": 30.0,
    "m[5,0,5]": 40.0,
    "m[5,0,6]": 10.0,
    "m[6,0,2]": 40.0,
    "m[6,0,8]": 40.0,
    "m[6,0,9]": 40.0,
    "m[10,0,0]": 40.0,
    "m[10,0,1]": 40.0,
    "m[10,0,3]": 40.0,
    "m[10,0,4]": 40.0,
    "m[10,0,7]": 39.999999999999986,
    "m[10,0,10]": 40.0,
    "m[10,0,11]": 40.0
  },
  "cusWeightByTruck": {
    "m[1,0]": 125.0,
    "m[2,0]": 55.0,
    "m[3,0]": 75.0,
    "m[4,0]": 20.0,
    "m[6,0]": 5.0,
    "m[7,0]": 625.0,
    "m[8,0]": 125.0,
    "m[9,0]": 125.0,
    "m[10,0]": 345.0
  },
  "tripDroneTime": {
    "T[0,0]": 5.400800411169332,
    "T[0,1]": 5.400800411169332,
    "T[0,2]": 3.5181321238370176,
    "T[0,3]": 5.400800411169332,
    "T[0,4]": 5.400800411169332,
    "T[0,5]": 5.222509892305537,
    "T[0,6]": 6.291405889098704,
    "T[0,7]": 5.400800411169332,
    "T[0,8]": 3.5181321238370176,
    "T[0,9]": 3.5181321238370176,
    "T[0,10]": 5.400800411169332,
    "T[0,11]": 5.400800411169332
  },
  "level": {
    "l[11,0]": 10.0,
    "l[1,0]": 8.0,
    "l[2,0]": 5.0,
    "l[3,0]": 3.0,
    "l[4,0]": 6.0,
    "l[6,0]": 1.0,
    "l[7,0]": 7.0,
    "l[8,0]": 9.0,
    "l[9,0]": 2.0,
    "l[10,0]": 4.0,
    "l[11,0,0]": 2.0,
    "l[10,0,0]": 1.0,
    "l[11,0,1]": 2.0,
    "l[10,0,1]": 1.0,
    "l[11,0,2]": 2.0,
    "l[6,0,2]": 1.0,
    "l[11,0,3]": 2.0,
    "l[10,0,3]": 1.0,
    "l[11,0,4]": 2.0,
    "l[10,0,4]": 1.0,
    "l[11,0,5]": 2.0,
    "l[5,0,5]": 1.0,
    "l[11,0,6]": 3.0,
    "l[4,0,6]": 1.0,
    "l[5,0,6]": 2.0,
    "l[11,0,7]": 2.0,
    "l[10,0,7]": 1.0,
    "l[11,0,8]": 2.0,
    "l[6,0,8]": 1.0,
    "l[11,0,9]": 2.0,
    "l[6,0,9]": 1.0,
    "l[11,0,10]": 2.0,
    "l[10,0,10]": 1.0,
    "l[11,0,11]": 2.0,
    "l[10,0,11]": 1.0
  }
}