{
  "data_set": "12.5.3",
  "status": "FEASIBLE",
  "Optimal": 15894.9,
  "num_constraint": 2256,
  "Number of variables": 2179,
  "solve_time": 18123.619411706924,
  "truck_cost": 230,
  "drone_cost": 25,
  "obj_value": 15894.899999999998,
  "return value": 23575.0,
  "truck_fee": 7065.600000000001,
  "drone_fee": 614.5,
  "Lw": 40,
  "Ld": 30,
  "truck_velocity": 0.5,
  "drone_velocity": 1.0,
  "truck_capacity": 1500,
  "drone_capacity": 40,
  "num_truck": 1,
  "num_drone": 1,
  "minWeightPerVisit": 0,
  "truck": {
    "x[1,10,0]": 1.0,
    "x[4,9,0]": 1.0,
    "x[5,13,0]": 1.0,
    "x[7,4,0]": 1.0,
    "x[8,5,0]": 1.0,
    "x[9,1,0]": 1.0,
    "x[10,12,0]": 1.0,
    "x[12,8,0]": 1.0,
    "x[0,7,0]": 1.0
  },
  "drone": {
    "y[6,13,0,0]": 1.0,
    "y[7,6,0,0]": 1.0,
    "y[0,7,0,0]": 1.0,
    "y[2,13,0,1]": 1.0,
    "y[0,2,0,1]": 1.0,
    "y[3,13,0,2]": 1.0,
    "y[0,3,0,2]": 1.0,
    "y[10,13,0,3]": 1.0,
    "y[0,10,0,3]": 1.0,
    "y[3,13,0,4]": 1.0,
    "y[0,3,0,4]": 1.0,
    "y[3,13,0,5]": 1.0,
    "y[0,3,0,5]": 1.0,
    "y[3,13,0,6]": 1.0,
    "y[0,3,0,6]": 1.0,
    "y[3,11,0,7]": 1.0,
    "y[11,13,0,7]": 1.0,
    "y[0,3,0,7]": 1.0,
    "y[3,13,0,8]": 1.0,
    "y[0,3,0,8]": 1.0,
    "y[3,13,0,9]": 1.0,
    "y[0,3,0,9]": 1.0
  },
  "cusWeight": {
    "m[1]": 250.0,
    "m[2]": 40.0,
    "m[3]": 250.0,
    "m[4]": 25.0,
    "m[5]": 250.0,
    "m[6]": 25.0,
    "m[7]": 250.0,
    "m[8]": 250.0,
    "m[9]": 250.0,
    "m[10]": 250.0,
    "m[11]": 25.0,
    "m[12]": 25.0
  },
  "cusWeightByDrone": {
    "m[2,0,1]": 40.0,
    "m[3,0,2]": 40.0,
    "m[3,0,4]": 40.0,
    "m[3,0,5]": 40.0,
    "m[3,0,6]": 40.0,
    "m[3,0,7]": 10.0,
    "m[3,0,8]": 40.0,
    "m[3,0,9]": 40.0,
    "m[6,0,0]": 25.0,
    "m[7,0,0]": 14.999999999999998,
    "m[10,0,3]": 40.0,
    "m[11,0,7]": 25.0
  },
  "cusWeightByTruck": {
    "m[1,0]": 250.0,
    "m[4,0]": 25.0,
    "m[5,0]": 250.0,
    "m[7,0]": 235.0,
    "m[8,0]": 250.0,
    "m[9,0]": 250.0,
    "m[10,0]": 210.0,
    "m[12,0]": 25.0
  },
  "tripDroneTime": {
    "T[0,0]": 5.31,
    "T[0,1]": 5.16,
    "T[0,2]": 1.18,
    "T[0,3]": 3.62,
    "T[0,4]": 1.18,
    "T[0,5]": 1.18,
    "T[0,6]": 1.18,
    "T[0,7]": 3.41,
    "T[0,8]": 1.18,
    "T[0,9]": 1.18
  },
  "level": {
    "l[13,0]": 9.0,
    "l[1,0]": 4.0,
    "l[4,0]": 2.0,
    "l[5,0]": 8.0,
    "l[7,0]": 1.0,
    "l[8,0]": 7.0,
    "l[9,0]": 3.0,
    "l[10,0]": 5.0,
    "l[12,0]": 6.0,
    "l[13,0,0]": 3.0,
    "l[6,0,0]": 2.0,
    "l[7,0,0]": 1.0,
    "l[13,0,1]": 2.0,
    "l[2,0,1]": 1.0,
    "l[3,0,1]": 1.0,
    "l[13,0,2]": 2.0,
    "l[3,0,2]": 1.0,
    "l[13,0,3]": 2.0,
    "l[10,0,3]": 1.0,
    "l[13,0,4]": 2.0,
    "l[3,0,4]": 1.0,
    "l[13,0,5]": 2.0,
    "l[3,0,5]": 1.0,
    "l[13,0,6]": 2.0,
    "l[3,0,6]": 1.0,
    "l[13,0,7]": 3.0,
    "l[3,0,7]": 1.0,
    "l[11,0,7]": 2.0,
    "l[13,0,8]": 2.0,
    "l[3,0,8]": 1.0,
    "l[13,0,9]": 2.0,
    "l[3,0,9]": 1.0
  }
}