{
  "data_set": "12.20.2",
  "status": "FEASIBLE",
  "Optimal": -4045.6000000000004,
  "num_constraint": 8316,
  "Number of variables": 8089,
  "solve_time": 18059.47857284546,
  "truck_cost": 230,
  "drone_cost": 25,
  "obj_value": -4045.600000000002,
  "return value": 24400.0,
  "truck_fee": 25557.600000000002,
  "drone_fee": 2888.0,
  "Lw": 130,
  "Ld": 30,
  "truck_velocity": 0.5,
  "drone_velocity": 1.0,
  "truck_capacity": 1500,
  "drone_capacity": 40,
  "num_truck": 1,
  "num_drone": 1,
  "minWeightPerVisit": 0,
  "truck": {
    "x[1,6,0]": 1.0,
    "x[3,7,0]": 1.0,
    "x[4,1,0]": 1.0,
    "x[6,9,0]": 1.0,
    "x[7,8,0]": 1.0,
    "x[8,13,0]": 1.0,
    "x[9,3,0]": 1.0,
    "x[0,4,0]": 1.0
  },
  "drone": {
    "y[2,13,0,0]": 1.0,
    "y[0,2,0,0]": 1.0,
    "y[11,13,0,1]": 1.0,
    "y[0,11,0,1]": 1.0,
    "y[10,13,0,2]": 1.0,
    "y[0,10,0,2]": 1.0,
    "y[2,13,0,3]": 1.0,
    "y[0,2,0,3]": 1.0,
    "y[11,13,0,4]": 1.0,
    "y[0,11,0,4]": 1.0,
    "y[11,13,0,5]": 1.0,
    "y[0,11,0,5]": 1.0,
    "y[11,13,0,6]": 1.0,
    "y[0,11,0,6]": 1.0,
    "y[10,13,0,7]": 1.0,
    "y[0,10,0,7]": 1.0
  },
  "cusWeight": {
    "m[1]": 150.0,
    "m[2]": 80.0,
    "m[3]": 175.0,
    "m[4]": 50.0,
    "m[6]": 50.0,
    "m[7]": 350.0,
    "m[8]": 350.0,
    "m[9]": 350.0,
    "m[10]": 75.0,
    "m[11]": 150.0
  },
  "cusWeightByDrone": {
    "m[2,0,0]": 40.0,
    "m[2,0,3]": 40.0,
    "m[10,0,2]": 35.0,
    "m[10,0,7]": 40.0,
    "m[11,0,1]": 40.0,
    "m[11,0,4]": 40.0,
    "m[11,0,5]": 40.0,
    "m[11,0,6]": 30.0
  },
  "cusWeightByTruck": {
    "m[1,0]": 150.0,
    "m[3,0]": 175.0,
    "m[4,0]": 50.0,
    "m[6,0]": 50.0,
    "m[7,0]": 350.0,
    "m[8,0]": 350.0,
    "m[9,0]": 350.0
  },
  "tripDroneTime": {
    "T[0,0]": 15.04,
    "T[0,1]": 16.76,
    "T[0,2]": 9.2,
    "T[0,3]": 15.04,
    "T[0,4]": 16.76,
    "T[0,5]": 16.76,
    "T[0,6]": 16.76,
    "T[0,7]": 9.2
  },
  "level": {
    "l[13,0]": 8.0,
    "l[1,0]": 2.0,
    "l[3,0]": 5.0,
    "l[4,0]": 1.0,
    "l[6,0]": 3.0,
    "l[7,0]": 6.0,
    "l[8,0]": 7.0,
    "l[9,0]": 4.0,
    "l[13,0,0]": 2.0,
    "l[2,0,0]": 1.0,
    "l[13,0,1]": 2.0,
    "l[11,0,1]": 1.0,
    "l[13,0,2]": 2.0,
    "l[10,0,2]": 1.0,
    "l[13,0,3]": 2.0,
    "l[2,0,3]": 1.0,
    "l[13,0,4]": 2.0,
    "l[11,0,4]": 1.0,
    "l[13,0,5]": 2.0,
    "l[11,0,5]": 1.0,
    "l[13,0,6]": 2.0,
    "l[11,0,6]": 1.0,
    "l[13,0,7]": 2.0,
    "l[2,0,7]": 1.0,
    "l[10,0,7]": 1.0,
    "l[11,0,7]": 1.0,
    "l[12,0,7]": 1.0
  }
}