{
  "data_set": "12.10.3",
  "status": "FEASIBLE",
  "Optimal": 18801.200000005756,
  "num_constraint": 3872,
  "Number of variables": 3755,
  "solve_time": 18038.102684259415,
  "truck_cost": 230,
  "drone_cost": 25,
  "obj_value": 18801.2,
  "return value": 26675.0,
  "truck_fee": 5924.8,
  "drone_fee": 1949.0,
  "Lw": 80,
  "Ld": 30,
  "truck_velocity": 0.5,
  "drone_velocity": 1.0,
  "truck_capacity": 1500,
  "drone_capacity": 40,
  "num_truck": 1,
  "num_drone": 1,
  "minWeightPerVisit": 0,
  "truck": {
    "x[1,2,0]": 1.0,
    "x[2,8,0]": 1.0,
    "x[3,6,0]": 1.0,
    "x[6,13,0]": 1.0,
    "x[8,3,0]": 1.0,
    "x[0,1,0]": 1.0
  },
  "drone": {
    "y[2,8,0,0]": 7.666077237331115e-10,
    "y[8,1,0,0]": 7.666077237331115e-10,
    "y[11,13,0,0]": 1.0000000005678593,
    "y[0,11,0,0]": 1.0,
    "y[11,13,0,1]": 1.0,
    "y[0,11,0,1]": 1.0,
    "y[2,3,0,2]": 3.407155307462934e-10,
    "y[3,8,0,2]": 3.407155307462934e-10,
    "y[4,10,0,2]": 1.703577653731467e-10,
    "y[10,13,0,2]": 1.703577653731467e-10,
    "y[11,4,0,2]": 1.703577653731467e-10,
    "y[11,13,0,2]": 0.9999999998296423,
    "y[0,11,0,2]": 1.0,
    "y[7,13,0,3]": 1.0,
    "y[0,7,0,3]": 1.0,
    "y[5,13,0,4]": 1.0,
    "y[0,5,0,4]": 1.0,
    "y[7,13,0,5]": 1.0,
    "y[0,7,0,5]": 1.0,
    "y[11,13,0,6]": 1.0,
    "y[0,11,0,6]": 1.0,
    "y[11,13,0,7]": 1.0,
    "y[0,11,0,7]": 1.0,
    "y[11,13,0,8]": 1.0,
    "y[0,11,0,8]": 1.0,
    "y[11,13,0,9]": 1.0,
    "y[0,11,0,9]": 1.0,
    "y[7,13,0,10]": 1.0647360335821682e-09,
    "y[8,1,0,10]": 7.09824022388112e-10,
    "y[9,10,0,10]": 3.54912011194056e-10,
    "y[10,11,0,10]": 3.54912011194056e-10,
    "y[11,9,0,10]": 3.54912011194056e-10,
    "y[11,13,0,10]": 0.999999999645088,
    "y[0,6,0,10]": 1.0647360335821682e-09,
    "y[0,11,0,10]": 0.999999999645088,
    "y[11,13,0,11]": 1.0,
    "y[0,11,0,11]": 1.0,
    "y[10,11,0,12]": 1.0,
    "y[11,13,0,12]": 1.0,
    "y[0,10,0,12]": 1.0,
    "y[3,12,0,15]": 1.4764339665672728e-09,
    "y[12,3,0,15]": 1.4764339665672728e-09
  },
  "cusWeight": {
    "m[1]": 200.0,
    "m[2]": 400.0,
    "m[3]": 175.0,
    "m[5]": 40.0,
    "m[6]": 400.0,
    "m[7]": 80.0,
    "m[8]": 200.0,
    "m[9]": 4.258944134328668e-09,
    "m[10]": 25.0,
    "m[11]": 375.0
  },
  "cusWeightByDrone": {
    "m[3,0,0]": 3.691084916418182e-08,
    "m[4,0,2]": 4.258944134328668e-09,
    "m[5,0,3]": 8.517888280762005e-09,
    "m[5,0,4]": 40.0,
    "m[5,0,7]": 1.4196480435657577e-08,
    "m[7,0,3]": 40.0,
    "m[7,0,5]": 40.0,
    "m[9,0,2]": 4.258944134328668e-09,
    "m[10,0,10]": 1.419648044776224e-08,
    "m[10,0,12]": 25.0,
    "m[11,0,0]": 40.0,
    "m[11,0,1]": 40.0,
    "m[11,0,2]": 40.0,
    "m[11,0,6]": 40.0,
    "m[11,0,7]": 39.99999998580352,
    "m[11,0,8]": 40.0,
    "m[11,0,9]": 40.0,
    "m[11,0,10]": 40.00000001419648,
    "m[11,0,11]": 40.0,
    "m[11,0,12]": 15.0,
    "m[12,0,15]": 3.691084916418182e-08
  },
  "cusWeightByTruck": {
    "m[1,0]": 200.0,
    "m[2,0]": 400.0,
    "m[3,0]": 175.0,
    "m[6,0]": 400.0,
    "m[8,0]": 200.0
  },
  "tripDroneTime": {
    "T[0,0]": 4.659999993321697,
    "T[0,1]": 4.66,
    "T[0,2]": 4.660000001,
    "T[0,3]": 9.939999999999998,
    "T[0,4]": 4.48,
    "T[0,5]": 9.939999999999998,
    "T[0,6]": 4.66,
    "T[0,7]": 4.66,
    "T[0,8]": 4.66,
    "T[0,9]": 4.66,
    "T[0,10]": 4.660000001334471,
    "T[0,11]": 4.66,
    "T[0,12]": 11.66,
    "T[0,15]": 5.817149828275055e-09
  },
  "level": {
    "l[13,0]": 6.0,
    "l[1,0]": 1.0,
    "l[2,0]": 2.0,
    "l[3,0]": 4.0,
    "l[6,0]": 5.0,
    "l[8,0]": 3.0,
    "l[13,0,0]": 2.0,
    "l[11,0,0]": 1.0,
    "l[13,0,1]": 2.0,
    "l[11,0,1]": 1.0,
    "l[13,0,2]": 2.0,
    "l[11,0,2]": 1.0,
    "l[13,0,3]": 2.0,
    "l[7,0,3]": 1.0,
    "l[13,0,4]": 2.0,
    "l[5,0,4]": 1.0,
    "l[13,0,5]": 2.0,
    "l[7,0,5]": 1.0,
    "l[13,0,6]": 2.0,
    "l[11,0,6]": 1.0,
    "l[13,0,7]": 2.0,
    "l[11,0,7]": 1.0,
    "l[13,0,8]": 2.0,
    "l[11,0,8]": 1.0,
    "l[13,0,9]": 2.0,
    "l[11,0,9]": 1.0,
    "l[13,0,10]": 2.0,
    "l[11,0,10]": 0.999999999645088,
    "l[13,0,11]": 2.0,
    "l[11,0,11]": 1.0,
    "l[13,0,12]": 3.0,
    "l[10,0,12]": 1.0,
    "l[11,0,12]": 2.0
  }
}