{
  "data_set": "12.5.2",
  "status": "FEASIBLE",
  "Optimal": 18567.20000000725,
  "num_constraint": 2458,
  "Number of variables": 2376,
  "solve_time": 18100.300793886185,
  "truck_cost": 230,
  "drone_cost": 25,
  "obj_value": 18567.2,
  "return value": 24200.0,
  "truck_fee": 4728.8,
  "drone_fee": 904.0,
  "Lw": 40,
  "Ld": 30,
  "truck_velocity": 0.5,
  "drone_velocity": 1.0,
  "truck_capacity": 1500,
  "drone_capacity": 40,
  "num_truck": 1,
  "num_drone": 1,
  "minWeightPerVisit": 0,
  "truck": {
    "x[2,12,0]": 1.0,
    "x[5,13,0]": 1.0,
    "x[8,2,0]": 1.0,
    "x[9,5,0]": 1.0,
    "x[10,8,0]": 1.0,
    "x[12,9,0]": 1.0,
    "x[0,10,0]": 1.0
  },
  "drone": {
    "y[4,2,0,0]": 1.5723170913399068e-10,
    "y[11,13,0,0]": 1.0,
    "y[0,11,0,0]": 1.0,
    "y[6,10,0,1]": 1.5723285706270292e-10,
    "y[10,6,0,1]": 1.5723285706270292e-10,
    "y[11,13,0,1]": 1.0,
    "y[0,11,0,1]": 1.0,
    "y[11,13,0,2]": 1.0,
    "y[0,11,0,2]": 1.0,
    "y[3,13,0,3]": 9.675815704213164e-11,
    "y[4,10,0,3]": 1.57232745342147e-10,
    "y[4,12,0,3]": 1.5723259731241038e-10,
    "y[5,11,0,3]": 9.675815704213164e-11,
    "y[6,5,0,3]": 9.675815704213164e-11,
    "y[7,13,0,3]": 1.0,
    "y[10,2,0,3]": 1.57232745342147e-10,
    "y[12,2,0,3]": 1.5723259731241038e-10,
    "y[0,3,0,3]": 9.675815704213164e-11,
    "y[0,7,0,3]": 1.0,
    "y[11,13,0,4]": 1.0,
    "y[0,11,0,4]": 1.0,
    "y[7,13,0,5]": 1.0,
    "y[8,10,0,5]": 1.57232745342147e-10,
    "y[10,8,0,5]": 1.57232745342147e-10,
    "y[0,7,0,5]": 1.0000000005031444,
    "y[2,8,0,6]": 3.1446563871403066e-10,
    "y[2,12,0,6]": 3.1446563871403066e-10,
    "y[8,2,0,6]": 3.1446563871403066e-10,
    "y[11,13,0,6]": 1.0,
    "y[12,7,0,6]": 3.1446563871403066e-10,
    "y[0,11,0,6]": 1.0,
    "y[4,13,0,7]": 1.0000000004716996,
    "y[0,4,0,7]": 1.0000000004716996,
    "y[3,7,0,8]": 1.0,
    "y[7,13,0,8]": 1.0,
    "y[0,3,0,8]": 1.0,
    "y[7,13,0,9]": 1.0,
    "y[0,7,0,9]": 1.0,
    "y[4,7,0,10]": 1.5723378155030332e-10,
    "y[7,3,0,10]": 6.289311293983247e-10,
    "y[7,13,0,10]": 1.0,
    "y[0,7,0,10]": 1.0000000006289302
  },
  "cusWeight": {
    "m[2]": 100.0,
    "m[3]": 25.0,
    "m[4]": 40.00000000713591,
    "m[5]": 449.99999998657484,
    "m[6]": 6.289314282508117e-09,
    "m[7]": 175.0,
    "m[8]": 450.0,
    "m[9]": 225.0,
    "m[10]": 225.0,
    "m[11]": 200.0,
    "m[12]": 50.0
  },
  "cusWeightByDrone": {
    "m[2,0,5]": 6.289309813685881e-09,
    "m[2,0,6]": 1.2578625548561227e-08,
    "m[3,0,1]": 4.716980583907571e-09,
    "m[3,0,3]": 2.418953926053291e-09,
    "m[3,0,8]": 25.000000005442676,
    "m[4,0,7]": 40.00000000713591,
    "m[5,0,3]": 3.870326281685266e-09,
    "m[6,0,1]": 6.289314282508117e-09,
    "m[7,0,3]": 39.99999999999999,
    "m[7,0,5]": 40.0000000062893,
    "m[7,0,8]": 14.999999994557324,
    "m[7,0,9]": 39.99999999999999,
    "m[7,0,10]": 40.00000001886794,
    "m[8,0,5]": 6.289309813685881e-09,
    "m[10,0,1]": 1.572375415056136e-09,
    "m[11,0,0]": 40.0,
    "m[11,0,1]": 39.99999998742133,
    "m[11,0,2]": 39.99999999999998,
    "m[11,0,4]": 40.0,
    "m[11,0,6]": 40.000000012578695
  },
  "cusWeightByTruck": {
    "m[2,0]": 100.0,
    "m[5,0]": 449.9999999827045,
    "m[8,0]": 450.0,
    "m[9,0]": 225.00000000000003,
    "m[10,0]": 225.00000001100625,
    "m[12,0]": 50.00000000628931
  },
  "tripDroneTime": {
    "T[0,0]": 5.499999999888366,
    "T[0,1]": 5.500000001,
    "T[0,2]": 5.5,
    "T[0,3]": 1.419999999943275,
    "T[0,4]": 5.5,
    "T[0,5]": 1.4200000003672957,
    "T[0,6]": 5.500000000685536,
    "T[0,7]": 1.5399999996603762,
    "T[0,8]": 1.44,
    "T[0,9]": 1.42,
    "T[0,10]": 1.4199999994229566
  },
  "level": {
    "l[13,0]": 7.0,
    "l[2,0]": 3.0,
    "l[5,0]": 6.0,
    "l[8,0]": 2.0,
    "l[9,0]": 5.0,
    "l[10,0]": 1.0,
    "l[12,0]": 4.0,
    "l[13,0,0]": 2.0,
    "l[11,0,0]": 1.0,
    "l[13,0,1]": 2.0,
    "l[11,0,1]": 1.0,
    "l[13,0,2]": 2.0,
    "l[11,0,2]": 1.0,
    "l[13,0,3]": 2.0,
    "l[2,0,3]": 9.675815704213164e-11,
    "l[3,0,3]": 9.675815704213164e-11,
    "l[7,0,3]": 1.0,
    "l[13,0,4]": 2.0,
    "l[11,0,4]": 1.0,
    "l[13,0,5]": 2.0,
    "l[7,0,5]": 1.0,
    "l[13,0,6]": 2.0,
    "l[11,0,6]": 1.0,
    "l[13,0,7]": 2.0,
    "l[4,0,7]": 1.0,
    "l[13,0,8]": 3.0,
    "l[3,0,8]": 1.0,
    "l[7,0,8]": 2.0,
    "l[13,0,9]": 2.0,
    "l[7,0,9]": 1.0,
    "l[13,0,10]": 2.0,
    "l[7,0,10]": 1.0000000006289302
  }
}