{
  "data_set": "12.20.3",
  "status": "FEASIBLE",
  "Optimal": 20242.65,
  "num_constraint": 7508,
  "Number of variables": 7301,
  "solve_time": 18226.873153209686,
  "truck_cost": 230,
  "drone_cost": 25,
  "obj_value": 20242.65,
  "return value": 36700.0,
  "truck_fee": 13390.599999999999,
  "drone_fee": 3066.75,
  "Lw": 130,
  "Ld": 30,
  "truck_velocity": 0.5,
  "drone_velocity": 1.0,
  "truck_capacity": 1500,
  "drone_capacity": 40,
  "num_truck": 1,
  "num_drone": 1,
  "minWeightPerVisit": 0,
  "truck": {
    "x[1,13,0]": 1.0,
    "x[2,11,0]": 1.0,
    "x[3,2,0]": 1.0,
    "x[6,12,0]": 1.0,
    "x[10,1,0]": 1.0,
    "x[11,10,0]": 1.0,
    "x[12,3,0]": 1.0,
    "x[0,6,0]": 1.0
  },
  "drone": {
    "y[4,13,0,0]": 1.0,
    "y[0,4,0,0]": 1.0,
    "y[6,13,0,1]": 1.0,
    "y[0,6,0,1]": 1.0,
    "y[6,13,0,2]": 1.0,
    "y[0,6,0,2]": 1.0,
    "y[6,13,0,3]": 1.0,
    "y[0,6,0,3]": 1.0,
    "y[6,13,0,4]": 1.0,
    "y[0,6,0,4]": 1.0,
    "y[6,13,0,5]": 1.0,
    "y[0,6,0,5]": 1.0,
    "y[6,13,0,6]": 1.0,
    "y[0,6,0,6]": 1.0,
    "y[6,13,0,7]": 1.0,
    "y[0,6,0,7]": 1.0,
    "y[8,13,0,8]": 1.0,
    "y[9,8,0,8]": 1.0,
    "y[0,9,0,8]": 1.0,
    "y[6,13,0,9]": 1.0,
    "y[0,6,0,9]": 1.0,
    "y[6,13,0,10]": 1.0,
    "y[0,6,0,10]": 1.0,
    "y[5,8,0,11]": 1.0,
    "y[8,13,0,11]": 1.0,
    "y[0,5,0,11]": 1.0,
    "y[5,13,0,12]": 1.0,
    "y[0,5,0,12]": 1.0,
    "y[5,13,0,13]": 1.0,
    "y[0,5,0,13]": 1.0,
    "y[6,13,0,14]": 1.0,
    "y[0,6,0,14]": 1.0
  },
  "cusWeight": {
    "m[1]": 350.0,
    "m[2]": 275.0,
    "m[3]": 150.0,
    "m[4]": 40.0,
    "m[5]": 75.0,
    "m[6]": 675.0,
    "m[8]": 50.0,
    "m[9]": 30.0,
    "m[10]": 150.0,
    "m[11]": 150.0,
    "m[12]": 150.0
  },
  "cusWeightByDrone": {
    "m[4,0,0]": 40.0,
    "m[5,0,12]": 35.0,
    "m[5,0,13]": 40.0,
    "m[6,0,1]": 40.0,
    "m[6,0,2]": 40.000000000000014,
    "m[6,0,3]": 40.0,
    "m[6,0,4]": 40.0,
    "m[6,0,5]": 39.99999999999999,
    "m[6,0,6]": 40.0,
    "m[6,0,7]": 40.0,
    "m[6,0,9]": 40.0,
    "m[6,0,10]": 40.0,
    "m[6,0,14]": 40.0,
    "m[8,0,8]": 10.0,
    "m[8,0,11]": 40.0,
    "m[9,0,8]": 30.0
  },
  "cusWeightByTruck": {
    "m[1,0]": 350.0,
    "m[2,0]": 274.9999999999999,
    "m[3,0]": 150.00000000000006,
    "m[6,0]": 275.0000000000002,
    "m[10,0]": 150.0,
    "m[11,0]": 149.99999999999983,
    "m[12,0]": 149.99999999999991
  },
  "tripDroneTime": {
    "T[0,0]": 19.32,
    "T[0,1]": 6.32,
    "T[0,2]": 6.32,
    "T[0,3]": 6.32,
    "T[0,4]": 6.32,
    "T[0,5]": 6.32,
    "T[0,6]": 6.32,
    "T[0,7]": 6.32,
    "T[0,8]": 21.43,
    "T[0,9]": 6.32,
    "T[0,10]": 6.32,
    "T[0,11]": 16.04,
    "T[0,12]": 1.34,
    "T[0,13]": 1.34,
    "T[0,14]": 6.32
  },
  "level": {
    "l[13,0]": 8.0,
    "l[1,0]": 7.0,
    "l[2,0]": 4.0,
    "l[3,0]": 3.0,
    "l[6,0]": 1.0,
    "l[10,0]": 6.0,
    "l[11,0]": 5.0,
    "l[12,0]": 2.0,
    "l[13,0,0]": 2.0,
    "l[4,0,0]": 1.0,
    "l[5,0,0]": 1.0,
    "l[13,0,1]": 2.0,
    "l[6,0,1]": 1.0,
    "l[13,0,2]": 2.0,
    "l[6,0,2]": 1.0,
    "l[13,0,3]": 2.0,
    "l[6,0,3]": 1.0,
    "l[13,0,4]": 2.0,
    "l[6,0,4]": 1.0,
    "l[13,0,5]": 2.0,
    "l[5,0,5]": 1.0,
    "l[6,0,5]": 1.0,
    "l[13,0,6]": 2.0,
    "l[6,0,6]": 1.0,
    "l[13,0,7]": 2.0,
    "l[6,0,7]": 1.0,
    "l[13,0,8]": 3.0,
    "l[8,0,8]": 2.0,
    "l[9,0,8]": 1.0,
    "l[13,0,9]": 2.0,
    "l[6,0,9]": 1.0,
    "l[13,0,10]": 2.0,
    "l[6,0,10]": 1.0,
    "l[13,0,11]": 3.0,
    "l[5,0,11]": 1.0,
    "l[8,0,11]": 2.0,
    "l[13,0,12]": 2.0,
    "l[5,0,12]": 1.0,
    "l[13,0,13]": 2.0,
    "l[5,0,13]": 1.0,
    "l[13,0,14]": 2.0,
    "l[6,0,14]": 1.0
  }
}