{
  "data_set": "12.10.4",
  "status": "FEASIBLE",
  "Optimal": 16480.75000008569,
  "num_constraint": 6700,
  "Number of variables": 6513,
  "solve_time": 18963.496371030807,
  "truck_cost": 230,
  "drone_cost": 25,
  "obj_value": 16480.75,
  "return value": 25950.0,
  "truck_fee": 7475.0,
  "drone_fee": 1994.25,
  "Lw": 80,
  "Ld": 30,
  "truck_velocity": 0.5,
  "drone_velocity": 1.0,
  "truck_capacity": 1500,
  "drone_capacity": 40,
  "num_truck": 1,
  "num_drone": 1,
  "minWeightPerVisit": 0,
  "truck": {
    "x[1,11,0]": 1.0,
    "x[2,9,0]": 1.0,
    "x[8,1,0]": 1.0,
    "x[9,8,0]": 1.0,
    "x[10,2,0]": 1.0,
    "x[11,13,0]": 1.0,
    "x[0,10,0]": 1.0
  },
  "drone": {
    "y[11,13,0,0]": 1.0000000003060672,
    "y[0,11,0,0]": 1.0000000003060672,
    "y[11,13,0,1]": 1.0,
    "y[0,11,0,1]": 1.0,
    "y[11,13,0,2]": 1.0,
    "y[0,11,0,2]": 1.0,
    "y[3,13,0,3]": 1.0,
    "y[0,3,0,3]": 1.0,
    "y[12,13,0,4]": 1.0,
    "y[0,12,0,4]": 1.0,
    "y[1,7,0,5]": 2.4875623948765444e-10,
    "y[7,13,0,5]": 2.4875623948765444e-10,
    "y[11,1,0,5]": 2.4875623948765444e-10,
    "y[11,13,0,5]": 0.9999999997512438,
    "y[0,11,0,5]": 1.0,
    "y[2,5,0,6]": 7.837401665164576e-10,
    "y[7,11,0,6]": 1.3062336108607626e-09,
    "y[7,13,0,6]": 1.0,
    "y[0,7,0,6]": 1.0,
    "y[3,13,0,7]": 1.0,
    "y[0,3,0,7]": 1.0,
    "y[11,13,0,8]": 1.0,
    "y[0,11,0,8]": 1.0,
    "y[2,9,0,9]": 3.918700832582288e-10,
    "y[3,13,0,9]": 6.26992133213166e-10,
    "y[4,6,0,9]": 6.26992133213166e-10,
    "y[6,3,0,9]": 6.26992133213166e-10,
    "y[6,13,0,9]": 0.9999999993730079,
    "y[9,2,0,9]": 3.918700832582288e-10,
    "y[9,10,0,9]": 3.918700832582288e-10,
    "y[10,9,0,9]": 3.918700832582288e-10,
    "y[0,6,0,9]": 1.0,
    "y[3,6,0,10]": 1.0,
    "y[6,13,0,10]": 1.0,
    "y[0,3,0,10]": 1.0,
    "y[5,10,0,11]": 1.1013216770268403e-10,
    "y[6,13,0,11]": 1.0,
    "y[10,5,0,11]": 1.1013216770268403e-10,
    "y[0,6,0,11]": 1.0,
    "y[2,9,0,31]": 1.9593504162911436e-10,
    "y[3,5,0,31]": 4.695217587425784e-11,
    "y[4,3,0,31]": 4.695217587425784e-11,
    "y[5,4,0,31]": 4.695217587425784e-11,
    "y[6,13,0,31]": 4.695217587425784e-11,
    "y[9,2,0,31]": 1.9593504162911436e-10,
    "y[0,6,0,31]": 4.695217587425784e-11
  },
  "cusWeight": {
    "m[1]": 425.0,
    "m[2]": 175.0,
    "m[3]": 100.0,
    "m[5]": 3.927108589423547e-09,
    "m[6]": 100.0,
    "m[7]": 40.00000000995025,
    "m[8]": 425.0,
    "m[9]": 225.0,
    "m[10]": 25.0,
    "m[11]": 425.0,
    "m[12]": 25.0
  },
  "cusWeightByDrone": {
    "m[1,0,5]": 9.950249579506177e-09,
    "m[2,0,9]": 1.567480333032915e-08,
    "m[3,0,3]": 40.0,
    "m[3,0,7]": 40.0,
    "m[3,0,10]": 20.0,
    "m[5,0,11]": 2.7533041925671007e-09,
    "m[5,0,31]": 1.173804396856446e-09,
    "m[6,0,9]": 40.000000000000014,
    "m[6,0,10]": 19.999999999999986,
    "m[6,0,11]": 40.0,
    "m[7,0,5]": 9.950249579506177e-09,
    "m[7,0,6]": 40.0,
    "m[9,0,9]": 3.13496066606583e-08,
    "m[10,0,9]": 9.796752081455721e-09,
    "m[10,0,11]": 2.7533041925671007e-09,
    "m[11,0,0]": 40.000000028224854,
    "m[11,0,1]": 40.0,
    "m[11,0,2]": 40.0,
    "m[11,0,5]": 39.9999999800995,
    "m[11,0,6]": 3.1349607354513864e-08,
    "m[11,0,8]": 40.0,
    "m[12,0,4]": 25.0
  },
  "cusWeightByTruck": {
    "m[1,0]": 424.9999999972083,
    "m[2,0]": 175.0,
    "m[8,0]": 424.99999999999994,
    "m[9,0]": 225.0,
    "m[10,0]": 25.0,
    "m[11,0]": 225.00000001714722
  },
  "tripDroneTime": {
    "T[0,0]": 4.1399999985666005,
    "T[0,1]": 4.139999999999999,
    "T[0,2]": 4.14,
    "T[0,3]": 5.52,
    "T[0,4]": 5.24,
    "T[0,5]": 4.140000001,
    "T[0,6]": 8.139999998772142,
    "T[0,7]": 5.52,
    "T[0,8]": 4.14,
    "T[0,9]": 11.22000000236533,
    "T[0,10]": 12.21,
    "T[0,11]": 11.220000001
  },
  "level": {
    "l[13,0]": 7.0,
    "l[1,0]": 5.0,
    "l[2,0]": 2.0,
    "l[8,0]": 4.0,
    "l[9,0]": 3.0,
    "l[10,0]": 1.0,
    "l[11,0]": 6.0,
    "l[13,0,0]": 2.0,
    "l[11,0,0]": 1.0000000003060672,
    "l[13,0,1]": 2.0,
    "l[11,0,1]": 1.0,
    "l[13,0,2]": 2.0,
    "l[11,0,2]": 1.0,
    "l[13,0,3]": 2.0,
    "l[3,0,3]": 1.0,
    "l[13,0,4]": 2.0,
    "l[12,0,4]": 1.0,
    "l[13,0,5]": 2.0,
    "l[11,0,5]": 1.0,
    "l[13,0,6]": 2.0,
    "l[7,0,6]": 1.0,
    "l[13,0,7]": 2.0,
    "l[3,0,7]": 1.0,
    "l[13,0,8]": 2.0,
    "l[11,0,8]": 1.0,
    "l[13,0,9]": 2.0,
    "l[6,0,9]": 1.0,
    "l[13,0,10]": 3.0,
    "l[3,0,10]": 1.0,
    "l[6,0,10]": 2.0,
    "l[13,0,11]": 2.0,
    "l[6,0,11]": 1.0
  }
}