{
  "data_set": "12.5.4",
  "status": "FEASIBLE",
  "Optimal": 17218.3,
  "num_constraint": 4680,
  "Number of variables": 4543,
  "solve_time": 18043.39194226265,
  "truck_cost": 230,
  "drone_cost": 25,
  "obj_value": 17218.3,
  "return value": 23975.0,
  "truck_fee": 5759.200000000001,
  "drone_fee": 997.5,
  "Lw": 40,
  "Ld": 30,
  "truck_velocity": 0.5,
  "drone_velocity": 1.0,
  "truck_capacity": 1500,
  "drone_capacity": 40,
  "num_truck": 1,
  "num_drone": 1,
  "minWeightPerVisit": 0,
  "truck": {
    "x[1,5,0]": 1.0,
    "x[2,7,0]": 1.0,
    "x[3,12,0]": 1.0,
    "x[5,10,0]": 1.0,
    "x[7,13,0]": 1.0,
    "x[10,3,0]": 1.0,
    "x[12,2,0]": 1.0,
    "x[0,1,0]": 1.0
  },
  "drone": {
    "y[8,13,0,0]": 1.0,
    "y[9,8,0,0]": 1.0,
    "y[0,9,0,0]": 1.0,
    "y[8,13,0,1]": 1.0,
    "y[0,8,0,1]": 1.0,
    "y[7,13,0,2]": 1.0,
    "y[0,7,0,2]": 1.0,
    "y[6,13,0,3]": 1.0,
    "y[0,6,0,3]": 1.0,
    "y[4,13,0,4]": 1.0,
    "y[0,4,0,4]": 1.0,
    "y[4,13,0,5]": 1.0,
    "y[0,4,0,5]": 1.0,
    "y[7,13,0,6]": 1.0,
    "y[0,7,0,6]": 1.0,
    "y[11,13,0,7]": 1.0,
    "y[0,11,0,7]": 1.0,
    "y[4,13,0,8]": 1.0,
    "y[0,4,0,8]": 1.0,
    "y[9,13,0,9]": 1.0,
    "y[0,9,0,9]": 1.0,
    "y[7,13,0,10]": 1.0,
    "y[0,7,0,10]": 1.0
  },
  "cusWeight": {
    "m[1]": 325.0,
    "m[2]": 50.0,
    "m[3]": 125.0,
    "m[4]": 120.00000000000003,
    "m[5]": 75.0,
    "m[6]": 40.0,
    "m[7]": 125.0,
    "m[8]": 50.0,
    "m[9]": 70.0,
    "m[10]": 325.0,
    "m[11]": 40.0,
    "m[12]": 595.0
  },
  "cusWeightByDrone": {
    "m[4,0,4]": 40.0,
    "m[4,0,5]": 40.0,
    "m[4,0,8]": 40.00000000000002,
    "m[6,0,3]": 40.0,
    "m[7,0,2]": 40.0,
    "m[7,0,6]": 40.0,
    "m[7,0,10]": 39.99999999999998,
    "m[8,0,0]": 10.0,
    "m[8,0,1]": 40.0,
    "m[9,0,0]": 30.0,
    "m[9,0,9]": 40.0,
    "m[11,0,7]": 40.0
  },
  "cusWeightByTruck": {
    "m[1,0]": 325.0,
    "m[2,0]": 50.0,
    "m[3,0]": 125.0,
    "m[5,0]": 75.0,
    "m[7,0]": 5.000000000000021,
    "m[10,0]": 325.0,
    "m[12,0]": 595.0
  },
  "tripDroneTime": {
    "T[0,0]": 6.1,
    "T[0,1]": 3.78,
    "T[0,2]": 3.36,
    "T[0,3]": 2.78,
    "T[0,4]": 2.2,
    "T[0,5]": 2.2,
    "T[0,6]": 3.36,
    "T[0,7]": 5.56,
    "T[0,8]": 2.2,
    "T[0,9]": 5.0,
    "T[0,10]": 3.36
  },
  "level": {
    "l[13,0]": 8.0,
    "l[1,0]": 1.0,
    "l[2,0]": 6.0,
    "l[3,0]": 4.0,
    "l[5,0]": 2.0,
    "l[7,0]": 7.0,
    "l[10,0]": 3.0,
    "l[12,0]": 5.0,
    "l[13,0,0]": 3.0,
    "l[8,0,0]": 2.0,
    "l[9,0,0]": 1.0,
    "l[13,0,1]": 2.0,
    "l[8,0,1]": 1.0,
    "l[13,0,2]": 2.0,
    "l[7,0,2]": 1.0,
    "l[13,0,3]": 2.0,
    "l[6,0,3]": 1.0,
    "l[13,0,4]": 2.0,
    "l[4,0,4]": 1.0,
    "l[13,0,5]": 2.0,
    "l[4,0,5]": 1.0,
    "l[13,0,6]": 2.0,
    "l[7,0,6]": 1.0,
    "l[13,0,7]": 2.0,
    "l[11,0,7]": 1.0,
    "l[13,0,8]": 2.0,
    "l[4,0,8]": 1.0,
    "l[13,0,9]": 2.0,
    "l[9,0,9]": 1.0,
    "l[13,0,10]": 2.0,
    "l[7,0,10]": 1.0
  }
}