{
  "data_set": "12.10.2",
  "status": "FEASIBLE",
  "Optimal": 11723.3,
  "num_constraint": 3266,
  "Number of variables": 3164,
  "solve_time": 18065.793963432312,
  "truck_cost": 230,
  "drone_cost": 25,
  "obj_value": 11723.3,
  "return value": 24075.0,
  "truck_fee": 10497.2,
  "drone_fee": 1854.5,
  "Lw": 80,
  "Ld": 30,
  "truck_velocity": 0.5,
  "drone_velocity": 1.0,
  "truck_capacity": 1500,
  "drone_capacity": 40,
  "num_truck": 1,
  "num_drone": 1,
  "minWeightPerVisit": 0,
  "truck": {
    "x[2,5,0]": 1.0,
    "x[3,13,0]": 1.0,
    "x[5,6,0]": 1.0,
    "x[6,9,0]": 1.0,
    "x[7,10,0]": 1.0,
    "x[8,7,0]": 1.0,
    "x[9,3,0]": 1.0,
    "x[10,2,0]": 1.0,
    "x[0,8,0]": 1.0
  },
  "drone": {
    "y[8,13,0,0]": 1.0,
    "y[0,8,0,0]": 1.0,
    "y[11,13,0,1]": 1.0,
    "y[0,11,0,1]": 1.0,
    "y[4,13,0,2]": 1.0,
    "y[0,4,0,2]": 1.0,
    "y[1,13,0,3]": 1.0,
    "y[3,1,0,3]": 1.0,
    "y[11,3,0,3]": 1.0,
    "y[0,11,0,3]": 1.0,
    "y[4,13,0,4]": 1.0,
    "y[0,4,0,4]": 1.0,
    "y[12,13,0,5]": 1.0,
    "y[0,12,0,5]": 1.0,
    "y[4,13,0,6]": 1.0,
    "y[8,4,0,6]": 1.0,
    "y[0,8,0,6]": 1.0,
    "y[1,13,0,7]": 1.0,
    "y[0,1,0,7]": 1.0,
    "y[8,13,0,8]": 1.0,
    "y[0,8,0,8]": 1.0,
    "y[12,13,0,9]": 1.0,
    "y[0,12,0,9]": 1.0,
    "y[4,13,0,10]": 1.0,
    "y[0,4,0,10]": 1.0,
    "y[4,13,0,11]": 1.0,
    "y[0,4,0,11]": 1.0,
    "y[1,13,0,12]": 1.0,
    "y[0,1,0,12]": 1.0
  },
  "cusWeight": {
    "m[1]": 100.0,
    "m[2]": 415.0,
    "m[3]": 175.0,
    "m[4]": 175.0,
    "m[5]": 50.0,
    "m[6]": 425.0,
    "m[7]": 100.0,
    "m[8]": 175.0,
    "m[9]": 175.0,
    "m[10]": 100.0,
    "m[11]": 50.0,
    "m[12]": 50.0
  },
  "cusWeightByDrone": {
    "m[1,0,3]": 20.0,
    "m[1,0,7]": 40.0,
    "m[1,0,12]": 40.0,
    "m[3,0,3]": 10.0,
    "m[4,0,2]": 40.0,
    "m[4,0,4]": 40.0,
    "m[4,0,6]": 15.0,
    "m[4,0,10]": 40.0,
    "m[4,0,11]": 40.0,
    "m[8,0,0]": 40.0,
    "m[8,0,6]": 25.0,
    "m[8,0,8]": 40.0,
    "m[11,0,1]": 40.0,
    "m[11,0,3]": 10.000000000000002,
    "m[12,0,5]": 40.0,
    "m[12,0,9]": 10.0
  },
  "cusWeightByTruck": {
    "m[2,0]": 415.0,
    "m[3,0]": 165.0,
    "m[5,0]": 50.0,
    "m[6,0]": 425.0,
    "m[7,0]": 100.0,
    "m[8,0]": 70.0,
    "m[9,0]": 175.0,
    "m[10,0]": 100.0
  },
  "tripDroneTime": {
    "T[0,0]": 3.3,
    "T[0,1]": 9.34,
    "T[0,2]": 7.28,
    "T[0,3]": 10.03,
    "T[0,4]": 7.28,
    "T[0,5]": 1.1600000000000001,
    "T[0,6]": 7.77,
    "T[0,7]": 4.5,
    "T[0,8]": 3.3,
    "T[0,9]": 1.1600000000000001,
    "T[0,10]": 7.28,
    "T[0,11]": 7.28,
    "T[0,12]": 4.5
  },
  "level": {
    "l[13,0]": 9.0,
    "l[2,0]": 4.0,
    "l[3,0]": 8.0,
    "l[5,0]": 5.0,
    "l[6,0]": 6.0,
    "l[7,0]": 2.0,
    "l[8,0]": 1.0,
    "l[9,0]": 7.0,
    "l[10,0]": 3.0,
    "l[13,0,0]": 2.0,
    "l[8,0,0]": 1.0,
    "l[13,0,1]": 2.0,
    "l[11,0,1]": 1.0,
    "l[13,0,2]": 2.0,
    "l[4,0,2]": 1.0,
    "l[13,0,3]": 4.0,
    "l[1,0,3]": 3.0,
    "l[3,0,3]": 2.0,
    "l[11,0,3]": 1.0,
    "l[13,0,4]": 2.0,
    "l[4,0,4]": 1.0,
    "l[13,0,5]": 2.0,
    "l[12,0,5]": 1.0,
    "l[13,0,6]": 3.0,
    "l[4,0,6]": 2.0,
    "l[8,0,6]": 1.0,
    "l[13,0,7]": 2.0,
    "l[1,0,7]": 1.0,
    "l[13,0,8]": 2.0,
    "l[8,0,8]": 1.0,
    "l[13,0,9]": 2.0,
    "l[12,0,9]": 1.0,
    "l[13,0,10]": 2.0,
    "l[4,0,10]": 1.0,
    "l[13,0,11]": 2.0,
    "l[4,0,11]": 1.0,
    "l[13,0,12]": 2.0,
    "l[1,0,12]": 1.0
  }
}