{
  "data_set": "12.5.1",
  "status": "FEASIBLE",
  "Optimal": 29855.300000000003,
  "num_constraint": 4276,
  "Number of variables": 4149,
  "solve_time": 18029.951731681824,
  "truck_cost": 230,
  "drone_cost": 25,
  "obj_value": 29855.3,
  "return value": 36150.0,
  "truck_fee": 5345.2,
  "drone_fee": 949.5,
  "Lw": 40,
  "Ld": 30,
  "truck_velocity": 0.5,
  "drone_velocity": 1.0,
  "truck_capacity": 1500,
  "drone_capacity": 40,
  "num_truck": 1,
  "num_drone": 1,
  "minWeightPerVisit": 0,
  "truck": {
    "x[1,2,0]": 1.0,
    "x[2,8,0]": 1.0,
    "x[4,1,0]": 1.0,
    "x[6,12,0]": 1.0,
    "x[7,6,0]": 1.0,
    "x[8,13,0]": 1.0,
    "x[12,4,0]": 1.0,
    "x[0,7,0]": 1.0
  },
  "drone": {
    "y[3,13,0,0]": 1.0,
    "y[0,3,0,0]": 1.0,
    "y[5,13,0,1]": 1.0,
    "y[0,5,0,1]": 1.0,
    "y[7,13,0,2]": 1.0,
    "y[0,7,0,2]": 1.0,
    "y[5,13,0,3]": 1.0,
    "y[0,5,0,3]": 1.0,
    "y[7,13,0,4]": 1.0,
    "y[0,7,0,4]": 1.0,
    "y[7,13,0,5]": 1.0,
    "y[0,7,0,5]": 1.0,
    "y[7,13,0,6]": 1.0,
    "y[0,7,0,6]": 1.0,
    "y[10,13,0,7]": 1.0,
    "y[0,10,0,7]": 1.0,
    "y[9,13,0,8]": 1.0,
    "y[0,9,0,8]": 1.0,
    "y[5,13,0,9]": 1.0,
    "y[10,5,0,9]": 1.0,
    "y[0,10,0,9]": 1.0,
    "y[7,13,0,10]": 1.0,
    "y[0,7,0,10]": 1.0,
    "y[5,13,0,11]": 1.0,
    "y[0,5,0,11]": 1.0,
    "y[3,13,0,12]": 1.0,
    "y[0,3,0,12]": 1.0
  },
  "cusWeight": {
    "m[1]": 150.0,
    "m[2]": 375.0,
    "m[3]": 75.0,
    "m[4]": 150.0,
    "m[5]": 150.0,
    "m[6]": 150.0,
    "m[7]": 725.0,
    "m[8]": 75.0,
    "m[9]": 40.0,
    "m[10]": 50.0,
    "m[12]": 75.0
  },
  "cusWeightByDrone": {
    "m[3,0,0]": 35.0,
    "m[3,0,12]": 40.0,
    "m[5,0,1]": 40.0,
    "m[5,0,3]": 40.0,
    "m[5,0,9]": 30.0,
    "m[5,0,11]": 40.0,
    "m[7,0,2]": 40.0,
    "m[7,0,4]": 40.0,
    "m[7,0,5]": 40.0,
    "m[7,0,6]": 40.0,
    "m[7,0,10]": 40.0,
    "m[9,0,8]": 40.0,
    "m[10,0,7]": 40.0,
    "m[10,0,9]": 10.000000000000002
  },
  "cusWeightByTruck": {
    "m[1,0]": 150.0,
    "m[2,0]": 375.0,
    "m[4,0]": 150.0,
    "m[6,0]": 150.0,
    "m[7,0]": 525.0,
    "m[8,0]": 75.0,
    "m[12,0]": 75.0
  },
  "tripDroneTime": {
    "T[0,0]": 2.5,
    "T[0,1]": 3.5200000000000005,
    "T[0,2]": 1.0,
    "T[0,3]": 3.5200000000000005,
    "T[0,4]": 1.0,
    "T[0,5]": 1.0,
    "T[0,6]": 1.0,
    "T[0,7]": 5.34,
    "T[0,8]": 4.5,
    "T[0,9]": 7.58,
    "T[0,10]": 1.0,
    "T[0,11]": 3.5200000000000005,
    "T[0,12]": 2.5
  },
  "level": {
    "l[13,0]": 8.0,
    "l[1,0]": 5.0,
    "l[2,0]": 6.0,
    "l[4,0]": 4.0,
    "l[6,0]": 2.0,
    "l[7,0]": 1.0,
    "l[8,0]": 7.0,
    "l[12,0]": 3.0,
    "l[13,0,0]": 2.0,
    "l[3,0,0]": 1.0,
    "l[13,0,1]": 2.0,
    "l[5,0,1]": 1.0,
    "l[13,0,2]": 2.0,
    "l[7,0,2]": 1.0,
    "l[13,0,3]": 2.0,
    "l[5,0,3]": 1.0,
    "l[13,0,4]": 2.0,
    "l[7,0,4]": 1.0,
    "l[13,0,5]": 2.0,
    "l[7,0,5]": 1.0,
    "l[13,0,6]": 2.0,
    "l[7,0,6]": 1.0,
    "l[13,0,7]": 2.0,
    "l[10,0,7]": 1.0,
    "l[13,0,8]": 2.0,
    "l[9,0,8]": 1.0,
    "l[13,0,9]": 3.0,
    "l[5,0,9]": 2.0,
    "l[10,0,9]": 1.0,
    "l[13,0,10]": 2.0,
    "l[7,0,10]": 1.0,
    "l[13,0,11]": 2.0,
    "l[5,0,11]": 1.0,
    "l[13,0,12]": 2.0,
    "l[3,0,12]": 1.0
  }
}