{
  "data_set": "12.10.1",
  "status": "FEASIBLE",
  "Optimal": 7680.2,
  "num_constraint": 5892,
  "Number of variables": 5725,
  "solve_time": 18448.74978995323,
  "truck_cost": 230,
  "drone_cost": 25,
  "obj_value": 7680.200000000001,
  "return value": 16200.0,
  "truck_fee": 6522.799999999999,
  "drone_fee": 1997.0,
  "Lw": 80,
  "Ld": 30,
  "truck_velocity": 0.5,
  "drone_velocity": 1.0,
  "truck_capacity": 1500,
  "drone_capacity": 40,
  "num_truck": 1,
  "num_drone": 1,
  "minWeightPerVisit": 0,
  "truck": {
    "x[4,13,0]": 1.0,
    "x[6,8,0]": 1.0,
    "x[8,12,0]": 1.0,
    "x[12,4,0]": 1.0,
    "x[0,6,0]": 1.0
  },
  "drone": {
    "y[5,11,0,0]": 1.0,
    "y[11,13,0,0]": 1.0,
    "y[0,5,0,0]": 1.0,
    "y[3,13,0,1]": 1.0,
    "y[0,3,0,1]": 1.0,
    "y[3,13,0,2]": 1.0,
    "y[0,3,0,2]": 1.0,
    "y[11,13,0,3]": 1.0,
    "y[0,11,0,3]": 1.0,
    "y[11,13,0,4]": 1.0,
    "y[0,11,0,4]": 1.0,
    "y[3,7,0,5]": 1.0,
    "y[7,13,0,5]": 1.0,
    "y[0,3,0,5]": 1.0,
    "y[10,13,0,6]": 1.0,
    "y[0,10,0,6]": 1.0,
    "y[3,13,0,7]": 1.0,
    "y[0,3,0,7]": 1.0,
    "y[5,13,0,8]": 1.0,
    "y[0,5,0,8]": 1.0,
    "y[1,13,0,9]": 1.0,
    "y[0,1,0,9]": 1.0,
    "y[7,13,0,10]": 1.0,
    "y[0,7,0,10]": 1.0,
    "y[5,13,0,11]": 1.0,
    "y[0,5,0,11]": 1.0
  },
  "cusWeight": {
    "m[1]": 40.0,
    "m[3]": 150.0,
    "m[4]": 775.0,
    "m[5]": 100.0,
    "m[6]": 175.0,
    "m[7]": 50.0,
    "m[8]": 175.0,
    "m[10]": 40.0,
    "m[11]": 100.0,
    "m[12]": 325.0
  },
  "cusWeightByDrone": {
    "m[1,0,9]": 40.0,
    "m[3,0,1]": 40.0,
    "m[3,0,2]": 40.0,
    "m[3,0,5]": 30.0,
    "m[3,0,7]": 40.0,
    "m[5,0,0]": 19.999999999999993,
    "m[5,0,8]": 40.00000000000001,
    "m[5,0,11]": 40.0,
    "m[7,0,5]": 10.0,
    "m[7,0,10]": 40.0,
    "m[10,0,6]": 40.0,
    "m[11,0,0]": 20.000000000000007,
    "m[11,0,3]": 40.0,
    "m[11,0,4]": 40.0
  },
  "cusWeightByTruck": {
    "m[4,0]": 775.0,
    "m[6,0]": 175.0,
    "m[8,0]": 175.0,
    "m[12,0]": 325.0
  },
  "tripDroneTime": {
    "T[0,0]": 3.88,
    "T[0,1]": 9.6,
    "T[0,2]": 9.6,
    "T[0,3]": 3.7799999999999994,
    "T[0,4]": 3.7799999999999994,
    "T[0,5]": 10.879999999999999,
    "T[0,6]": 6.38,
    "T[0,7]": 9.6,
    "T[0,8]": 1.94,
    "T[0,9]": 10.18,
    "T[0,10]": 8.32,
    "T[0,11]": 1.94
  },
  "level": {
    "l[13,0]": 5.0,
    "l[4,0]": 4.0,
    "l[6,0]": 1.0,
    "l[8,0]": 2.0,
    "l[12,0]": 3.0,
    "l[13,0,0]": 3.0,
    "l[5,0,0]": 1.0,
    "l[11,0,0]": 2.0,
    "l[13,0,1]": 2.0,
    "l[3,0,1]": 1.0,
    "l[13,0,2]": 2.0,
    "l[3,0,2]": 1.0,
    "l[13,0,3]": 2.0,
    "l[11,0,3]": 1.0,
    "l[13,0,4]": 2.0,
    "l[11,0,4]": 1.0,
    "l[13,0,5]": 3.0,
    "l[3,0,5]": 1.0,
    "l[7,0,5]": 2.0,
    "l[13,0,6]": 2.0,
    "l[10,0,6]": 1.0,
    "l[13,0,7]": 2.0,
    "l[3,0,7]": 1.0,
    "l[13,0,8]": 2.0,
    "l[5,0,8]": 1.0,
    "l[13,0,9]": 2.0,
    "l[1,0,9]": 1.0,
    "l[13,0,10]": 2.0,
    "l[7,0,10]": 1.0,
    "l[13,0,11]": 2.0,
    "l[5,0,11]": 1.0
  }
}