{
  "data_set": "12.20.1",
  "status": "FEASIBLE",
  "Optimal": -12062.2,
  "num_constraint": 9124,
  "Number of variables": 8877,
  "solve_time": 18164.220102071762,
  "truck_cost": 230,
  "drone_cost": 25,
  "obj_value": -12062.2,
  "return value": 15825.0,
  "truck_fee": 24688.2,
  "drone_fee": 3199.0,
  "Lw": 130,
  "Ld": 30,
  "truck_velocity": 0.5,
  "drone_velocity": 1.0,
  "truck_capacity": 1500,
  "drone_capacity": 40,
  "num_truck": 1,
  "num_drone": 1,
  "minWeightPerVisit": 0,
  "truck": {
    "x[1,11,0]": 1.0,
    "x[2,1,0]": 1.0,
    "x[6,9,0]": 1.0,
    "x[8,6,0]": 1.0,
    "x[9,2,0]": 1.0,
    "x[11,13,0]": 1.0,
    "x[0,8,0]": 1.0
  },
  "drone": {
    "y[10,13,0,0]": 1.0,
    "y[0,10,0,0]": 1.0,
    "y[3,13,0,1]": 1.0,
    "y[0,3,0,1]": 1.0,
    "y[5,7,0,2]": 1.0,
    "y[7,13,0,2]": 1.0,
    "y[0,5,0,2]": 1.0,
    "y[3,13,0,3]": 1.0,
    "y[12,3,0,3]": 1.0,
    "y[0,12,0,3]": 1.0,
    "y[10,13,0,4]": 1.0,
    "y[0,10,0,4]": 1.0,
    "y[5,13,0,5]": 1.0,
    "y[0,5,0,5]": 1.0,
    "y[10,13,0,6]": 1.0,
    "y[0,10,0,6]": 1.0,
    "y[12,13,0,7]": 1.0,
    "y[0,12,0,7]": 1.0
  },
  "cusWeight": {
    "m[1]": 25.0,
    "m[2]": 100.0,
    "m[3]": 50.0,
    "m[5]": 50.0,
    "m[6]": 200.0,
    "m[7]": 30.0,
    "m[8]": 475.0,
    "m[9]": 200.0,
    "m[10]": 120.0,
    "m[11]": 475.0,
    "m[12]": 70.0
  },
  "cusWeightByDrone": {
    "m[3,0,1]": 40.0,
    "m[3,0,3]": 10.0,
    "m[5,0,2]": 10.0,
    "m[5,0,5]": 40.0,
    "m[7,0,2]": 30.0,
    "m[10,0,0]": 40.0,
    "m[10,0,4]": 40.0,
    "m[10,0,6]": 40.0,
    "m[12,0,3]": 30.0,
    "m[12,0,7]": 40.0
  },
  "cusWeightByTruck": {
    "m[1,0]": 25.0,
    "m[2,0]": 100.0,
    "m[6,0]": 200.0,
    "m[8,0]": 475.0,
    "m[9,0]": 200.0,
    "m[11,0]": 475.0
  },
  "tripDroneTime": {
    "T[0,0]": 15.42,
    "T[0,1]": 8.32,
    "T[0,2]": 20.44,
    "T[0,3]": 23.9,
    "T[0,4]": 15.420000000000002,
    "T[0,5]": 6.38,
    "T[0,6]": 15.420000000000002,
    "T[0,7]": 22.66
  },
  "level": {
    "l[13,0]": 7.0,
    "l[1,0]": 5.0,
    "l[2,0]": 4.0,
    "l[6,0]": 2.0,
    "l[8,0]": 1.0,
    "l[9,0]": 3.0,
    "l[11,0]": 6.0,
    "l[13,0,0]": 2.0,
    "l[10,0,0]": 1.0,
    "l[13,0,1]": 2.0,
    "l[3,0,1]": 1.0,
    "l[13,0,2]": 3.0,
    "l[5,0,2]": 1.0,
    "l[7,0,2]": 2.0,
    "l[13,0,3]": 3.0,
    "l[3,0,3]": 2.0,
    "l[12,0,3]": 1.0,
    "l[13,0,4]": 2.0,
    "l[10,0,4]": 1.0,
    "l[13,0,5]": 2.0,
    "l[5,0,5]": 1.0,
    "l[13,0,6]": 2.0,
    "l[10,0,6]": 1.0,
    "l[13,0,7]": 2.0,
    "l[12,0,7]": 1.0
  }
}